Date,ClosingPrice,HighPrice,LowPrice,Volume,MarketIndex
2020-01-01,101.76405234596767,102.87790786913976,97.50290677065256,54529,499.8682469900832
2020-01-02,102.16420955433489,104.97349763888931,100.48263975150105,24590,500.4614527870141
2020-01-03,103.14294753844062,107.74489151749125,98.60280083142912,54406,501.5964038516393
2020-01-04,105.38384073764209,106.55557620394764,101.13072657510385,62652,499.3055799774071
2020-01-05,107.25139872779205,107.80541858338727,103.75677492328047,32728,500.1861522356779
2020-01-06,106.27412084791564,107.67028292074464,106.16741393138729,26876,500.40988241873214
2020-01-07,107.22420926544123,109.98791294665142,103.76588127207907,55074,499.60293078690796
2020-01-08,107.07285205714354,109.33525947264779,104.26372733839649,91117,499.2089645906196
2020-01-09,106.96963320534998,109.17156182985126,105.70871686925116,26889,498.3245590457441
2020-01-10,107.38023170728835,110.65122453062781,104.49588277798071,60405,498.26573483618165
2020-01-11,107.52427527844922,112.10670227218168,103.27655629463976,73076,498.3661291546818
2020-01-12,108.9785487854122,109.90786204878465,107.92529066427983,43130,499.5823329224544
2020-01-13,109.73958651055919,111.48245468135524,108.0413447763849,12205,499.105315686583
2020-01-14,109.86126152705202,111.78708659545678,109.41970741705751,52139,498.7552674701906
2020-01-15,110.30512475979745,111.07197649529246,106.41325498996804,33185,500.24195479034523
2020-01-16,110.63879908717172,115.09132286076036,110.14208372649888,59547,500.77998966935274
2020-01-17,112.13287816032931,116.79509524503499,107.57292580485516,13377,502.09531257386766
2020-01-18,111.92771989656352,116.92375989750374,109.37344209601007,89176,501.5659621011797
2020-01-19,112.24078759821441,113.42682791412368,110.87452611885666,14440,501.2170956435626
2020-01-20,111.3866918589127,111.74545137129101,111.03655962111655,68883,501.35213693665884
2020-01-21,108.83370204307862,109.57556990936799,104.74474825391523,26015,501.91672503733247
2020-01-22,109.48732063851898,113.59164888686274,107.5258775539971,38601,503.5757285937606
2020-01-23,110.35175683737847,115.0001477388813,105.92761102347708,59283,504.0843128516722
2020-01-24,109.60959181697204,111.38908220025529,106.00683393958678,34438,503.078881118935
2020-01-25,111.87934644095964,116.69182729582833,111.4585748807996,66292,502.70237309507314
2020-01-26,110.42498076636087,114.40973873080603,106.56435580235562,16076,503.15866349117294
2020-01-27,110.47073928366233,112.2382028732354,106.35758805275202,52919,503.8113605085471
2020-01-28,110.2835554336365,114.53832000974565,109.78262987809636,23822,502.47643213419866
2020-01-29,111.81633464799495,115.02136314723994,108.46509278251692,63405,501.4102922853101
2020-01-30,113.28569341789523,115.51811133188622,112.18078824596407,29381,502.6366098794462
2020-01-31,113.44064084359215,115.70026875971567,111.7638822005245,55123,502.8147671712258
2020-02-01,113.81880336319432,118.62940220138385,113.1167691294349,65499,502.3751921475086
2020-02-02,112.93101761556422,114.39613179789835,112.71202879504176,66695,501.8936642687425
2020-02-03,110.95022114734029,114.29869530631092,106.66268882920342,31583,502.1992948768697
2020-02-04,110.60230899801414,114.62335992680819,105.93789680813057,14698,503.9102409849105
2020-02-05,110.75865796711811,112.6855752290303,107.14979496766682,66545,502.7816946485005
2020-02-06,111.98894864784583,114.31039871317141,111.16706359266328,31515,501.90986205928266
2020-02-07,113.19132849663025,116.40268534491865,113.1867638989259,50439,501.3207629819253
2020-02-08,112.8040016792223,115.74290781037311,110.98666592100835,69525,499.97412503151617
2020-02-09,112.50169892864696,116.16782828810794,109.77512895752255,27310,499.07502775791215
2020-02-10,111.45314596357986,115.73137857075358,109.36832869146039,44372,499.16205172087143
2020-02-11,110.03312802640089,112.7418446172232,106.69533296224263,51504,500.38240353637775
2020-02-12,108.32685783577588,113.12395579862444,106.93504087047765,63029,500.0854527597866
2020-02-13,110.27763323100767,111.68331118291748,108.82787001731137,50107,499.12202938542623
2020-02-14,109.76798104925601,110.10176504251471,109.73767838203177,18829,499.90186884383166
2020-02-15,109.32990674764483,111.25167540909631,106.12232026171593,91212,500.23977509952294
2020-02-16,108.0771113875949,112.89757610170197,103.84719202028721,55613,501.07163010132956
2020-02-17,108.85460174342681,112.67426856602324,104.27338652082037,81965,500.9944134996893
2020-02-18,107.24070389586886,108.22516384525821,104.30492132663635,92170,501.229917324598
2020-02-19,107.0279636156549,111.92649180092018,106.0696979420635,84907,501.6788098831253
2020-02-20,106.13249705446121,109.64458375572603,104.08088952369326,38391,501.0524623639323
2020-02-21,106.51939955232048,110.51557918266991,104.73097779954718,59947,500.547186598119
2020-02-22,106.0085944147516,106.27793993568959,105.72213701673569,72493,502.63677390950807
2020-02-23,104.8279622306292,108.44124930721689,104.75754878411333,18318,502.073359219635
2020-02-24,104.79978000229053,107.21791153120056,103.24707140630196,80731,500.82009017442533
2020-02-25,105.22811187282096,109.20274346111285,101.68161443365757,69489,502.835426863002
2020-02-26,105.29462909520413,108.87491765675237,102.03994658648402,13278,501.7589081617023
2020-02-27,105.59710099294391,106.47919480001191,101.77077807361022,21531,500.5877616043411
2020-02-28,104.96277889926294,109.55637914156168,100.5866017837512,79066,500.27040102514525
2020-02-29,104.6000377332758,107.48857004753422,99.85599142616137,18025,502.26195528006446
2020-03-01,103.92757728549985,105.85620783780222,99.93696716624603,19906,501.59882144857625
2020-03-02,103.5680241239593,104.70655610982628,103.36518355450025,17208,501.59320112962774
2020-03-03,102.75487784191486,106.67257381802615,97.9118847875511,16430,501.73841783890026
2020-03-04,101.02859523958318,105.88210719347106,99.45495624547591,93606,503.6464045474022
2020-03-05,101.20602138183693,104.88362325002393,96.78703727517238,84875,503.85375443878706
2020-03-06,100.80424044562866,103.85355852158114,100.132177789997,30043,505.27459038849076
2020-03-07,99.17404209866262,103.92572314797522,95.8955705966127,39987,504.70009026603236
2020-03-08,99.6368243541884,103.1946823549328,98.03050068548238,14564,504.329386291188
2020-03-09,98.72952598980515,101.01188922900974,94.75907427889447,94932,504.94695502436196
2020-03-10,98.7814713856013,100.38974059282027,98.13876721476385,52559,504.96310138411815
2020-03-11,99.51056194777884,100.45408877898724,96.9708327193814,14868,505.34066887644894
2020-03-12,99.63954485853624,104.0079486097276,94.72925046188195,39361,504.1233297987804
2020-03-13,100.77894554307954,104.39339164062056,97.15082285528582,25165,502.48379980227
2020-03-14,99.5441197227259,104.43451429061446,98.90864298411293,10603,503.0430320334084
2020-03-15,99.94646136390344,100.3224782676303,96.65537496903316,33763,503.68338812279615
2020-03-16,99.26165127296312,100.83527156447957,95.90466788914605,67704,504.6510967882517
2020-03-17,98.39085412378125,100.42316683399683,94.26194744636896,48834,507.0028661046622
2020-03-18,97.81200445901683,102.62471621697597,96.32834541932276,20463,507.2117502304218
2020-03-19,97.50045192688945,100.45438484608162,96.76635030093594,30318,507.5693234662142
2020-03-20,97.5566172691192,100.9570361893643,93.3230446422549,83528,507.683473391588
2020-03-21,96.39146742833584,97.7457792717137,94.5671808628769,25347,507.91653031309585
2020-03-22,97.29229391529003,98.57973544791801,95.09591904662577,41523,506.5127224246994
2020-03-23,97.7579563550205,99.47181493636077,92.95882060813248,83929,507.01433754854327
2020-03-24,96.22171266874327,96.64169740513405,93.92925685782753,22079,506.6391270149928
2020-03-25,97.70996486253887,102.4075428280456,97.3018954223151,12096,507.34892955795885
2020-03-26,99.60585403856945,101.6316593338905,96.30071415828009,94935,506.78412121414215
2020-03-27,100.7846336097291,101.78714169673482,97.20073905959428,33157,506.20107933289233
2020-03-28,100.60470877391676,102.32377895078365,98.26831174234346,37203,506.9495859783185
2020-03-29,99.5339561524062,100.51290134084294,96.01888038913773,62859,507.3743778466588
2020-03-30,100.58840787933735,101.86760427101773,98.60798183564151,34263,508.8790680184503
2020-03-31,100.18523093236416,103.97321076698063,95.68199657616812,90840,508.4577004576892
2020-04-01,101.4076760027466,102.59778622890079,97.55469309068393,61493,508.16422920227495
2020-04-02,101.61595098082346,105.11016813745154,100.21940163766044,78613,506.9293044124954
2020-04-03,102.59259001730717,105.55941761468065,100.23183151535902,75591,506.7219968674988
2020-04-04,102.94895641448157,103.6743708850235,99.33795775122036,83180,506.2516714572003
2020-04-05,103.65552958267352,107.4740726484124,100.98465583258177,77622,507.15541082002056
2020-04-06,103.66602960339434,107.93039207656658,101.06633063726213,88385,507.64883193573485
2020-04-07,105.45190009730017,110.23183738773179,101.23920732853615,77848,506.8878068518909
2020-04-08,105.57881219000379,110.37380893711712,102.31529653062724,48210,507.6775171692013
2020-04-09,105.98080155344849,109.51265554089629,101.27844621256213,64334,506.58098995003724
2020-04-10,107.86395225050475,109.32067494554879,106.50602148947749,69408,504.95431850163425
2020-04-11,106.5161931893623,106.70575153075292,106.0175293742371,31693,503.478883621732
2020-04-12,105.24570819087657,107.1968602862931,104.31579281473846,91163,504.33295842917954
2020-04-13,106.21510489903457,109.88073794083756,105.26596643103314,79002,505.46326759614414
2020-04-14,105.04198149392042,109.74517455888996,102.2709877089888,46884,506.692771192973
2020-04-15,106.98560267956971,107.55330449161248,104.42599963566369,48670,504.3575213896453
2020-04-16,106.57198369880996,109.2831933999584,103.60188505761313,13704,506.1717542906317
2020-04-17,105.82452888736921,108.19839747655256,104.81924624413845,75588,505.5025362925008
2020-04-18,107.7474709138496,107.97611243551164,106.55105400274896,91565,504.533848262213
2020-04-19,109.22798570528401,112.48137280592296,108.94320434672049,95262,505.51515584976124
2020-04-20,111.09554466571059,115.45844312892156,110.96893697613157,85378,505.58273361670086
2020-04-21,112.00158932398597,114.31085235720126,110.22433451264119,92670,506.77535778554784
2020-04-22,111.14036363893126,113.75669225181588,107.4087909023292,70367,508.38290159179655
2020-04-23,113.0504285920303,113.93937793732337,109.54987146970147,10819,508.3689367271639
2020-04-24,112.78242522107892,113.38801766940257,109.45587137505248,17200,506.1344446431849
2020-04-25,113.58488161687532,116.65412083389654,113.47752958428103,34983,507.4693719294333
2020-04-26,114.53213358464907,118.11418420895284,109.78953251313993,97801,508.8571439844099
2020-04-27,114.37712349155824,115.81464035596744,112.675136160046,68203,507.0526617337985
2020-04-28,114.99120286190431,117.48845539454105,112.82066549826443,80406,508.30229824311675
2020-04-29,115.91340953347084,120.70370647312508,111.90714320198488,69512,507.80188794465465
2020-04-30,116.28983506462647,116.45645277813226,115.83218708642741,76635,507.13050131828106
2020-05-01,115.19043427404227,116.36950135639295,114.30617134170606,12556,506.27124595437505
2020-05-02,115.48867244824834,116.00393871663195,113.86061268419637,81366,504.4071168667701
2020-05-03,116.81505834493537,120.92502050778822,112.5981290177999,31411,504.76146674969124
2020-05-04,116.120490485204,121.0817077581655,112.69157912090108,34638,505.0539728761632
2020-05-05,115.97085594487632,116.76950097804651,114.17888395876764,73294,506.886134095759
2020-05-06,115.5357023931547,119.2952069085582,110.86887341880657,75978,507.06082097620447
2020-05-07,117.38496612163404,118.82186099607411,113.4664593628921,96604,506.78007107323003
2020-05-08,118.05726087864647,119.70098413424662,118.005024106207,70946,508.4029641968236
2020-05-09,118.46472271488759,123.11396318725714,116.2132703837952,24036,507.97852931672656
2020-05-10,117.69480664044227,121.25742232645615,115.56945823737297,27101,508.4778147085462
2020-05-11,118.23405583173408,122.29442834967102,117.05605618120832,19818,509.789658591903
2020-05-12,117.5597231710767,119.83353035903225,116.15095585577262,56192,509.215336603627
2020-05-13,117.59155372935105,119.22786712090192,114.17731942314235,56229,508.7972764903363
2020-05-14,116.95570765097217,117.64724138261803,115.7534650460644,28281,507.87979831657947
2020-05-15,117.63214094591868,120.75903184469254,113.9304881992438,65697,508.7157350100387
2020-05-16,118.20873176253362,121.60790713081668,115.86169673125245,91946,509.58373850898244
2020-05-17,118.00043300695562,122.65242015241729,117.60216604102683,40107,508.25004755670926
2020-05-18,118.39643971961726,119.02220941028328,116.36377369112455,85501,508.26762844529367
2020-05-19,117.30337821088676,120.98868044164357,113.3457995100523,70848,508.60012777761455
2020-05-20,115.81212061818115,118.54482069978002,115.16583252117317,84296,508.36292527106343
2020-05-21,116.25151231944568,118.53816285329624,113.73808437065011,83786,508.281697621366
2020-05-22,116.41818581481822,120.18277771449159,115.48659273846702,39910,508.83354207948213
2020-05-23,117.05321725171032,120.08959482787607,112.42142350692569,25199,509.8295802358247
2020-05-24,119.43636202657427,119.9501342450545,116.69384532918578,74473,509.2514053812569
2020-05-25,120.38084151356468,122.47662350481778,119.55451442678451,49132,509.62964958889074
2020-05-26,119.46801928812052,124.44637025629996,116.67277892361946,82388,508.6303554654573
2020-05-27,120.58503557621637,124.422811696658,115.79207890342988,37055,508.91156433590356
2020-05-28,119.26912816570486,123.0820300565912,115.12029794183205,54766,509.1942240136569
2020-05-29,118.80754356089014,123.41857423909346,117.10700941384783,65421,508.7248741398818
2020-05-30,118.73930195556551,122.38622929666097,115.02127883187599,27756,508.9441487946557
2020-05-31,120.45264467721488,124.69256812751259,117.0204065564996,29961,510.331096997953
2020-06-01,119.70788985516644,121.71330692552212,115.96656049041852,18008,510.7483753827316
2020-06-02,118.88145131650742,120.88217461127593,116.46402776668212,95690,510.1471012122421
2020-06-03,118.782998792082,123.56815791920602,114.18790998505966,83499,510.3423744212459
2020-06-04,118.11952050571989,121.90698870639692,116.25665914850056,53014,509.42791331230836
2020-06-05,119.24615642782639,121.60273369245164,114.43345594902253,43671,510.3386672860376
2020-06-06,118.16622491946296,120.61420807117871,117.55409194079613,22151,511.33668654013417
2020-06-07,117.01875626705187,117.1017100293449,112.35633034575847,23816,511.29565766117105
2020-06-08,116.58093622230743,117.72960416726809,112.76945598854768,85802,512.2252109871567
2020-06-09,116.08290377161512,118.43941471210225,111.30688869612564,58933,512.2200146214414
2020-06-10,118.0124358254321,119.48142952269502,115.2442681771996,30913,511.07926174527006
2020-06-11,118.96185663235788,123.87093706217766,114.27844147885035,25892,512.9430496205168
2020-06-12,119.04940787374306,119.62701897532847,118.201356827772,63725,512.9144918072024
2020-06-13,117.8239723549129,120.3517623398685,117.67448601959248,29319,512.113470138348
2020-06-14,118.66833533131445,118.71789832632875,115.16500758171347,82120,511.22089426325886
2020-06-15,117.66811998392488,119.03071192025958,113.35066427331444,39111,512.3137117122204
2020-06-16,116.12334888714727,117.24550322443346,111.63889420254137,61897,509.9329818749795
2020-06-17,117.31137867949957,120.3368253054658,117.00402119060863,12688,510.2314185513422
2020-06-18,117.62832129142443,122.06441601947094,115.86215898434429,92323,510.81325561929407
2020-06-19,118.54918011520525,121.38139760117022,116.32765677762566,29506,510.8216079739581
2020-06-20,118.86790776814827,122.08842049139551,114.23678694572848,74451,510.86542463754955
2020-06-21,119.72473838005095,121.12435529063526,118.26004665421087,73228,510.62459053361
2020-06-22,119.0737127867508,120.61804523073464,115.63183419782764,13621,510.31360218290365
2020-06-23,118.03946994496634,120.53449615891435,116.94002413324306,65224,511.8460193597604
2020-06-24,118.72106446324797,121.56386278062546,115.65743061384785,11918,511.45297390540594
2020-06-25,117.91765479907413,120.64929940240212,117.35203794652993,22933,512.2662101399528
2020-06-26,117.22810502132393,118.52833675417591,113.45537172295623,18144,511.9553423109702
2020-06-27,116.7725725178066,117.50243947009243,116.54982536953442,64746,511.4291165460581
2020-06-28,116.79005167683164,118.63191349669285,111.79833573980986,96461,510.8129214278426
2020-06-29,116.43605776557817,120.3566551730918,112.4290325087102,10966,509.5889206976441
2020-06-30,115.06110647216015,118.04177157084858,111.99762320713369,73833,510.1632757483881
2020-07-01,114.41748806932725,115.32685326831987,110.57498595118237,13275,509.6289667829858
2020-07-02,112.19408491710283,113.36017361696517,112.17895242855262,52641,507.86253463330235
2020-07-03,112.81931636813002,117.34027750509105,110.67734078700214,31151,508.3295248403329
2020-07-04,111.21725871252326,113.19819794949917,108.24914797094578,30570,508.3029206912636
2020-07-05,110.11287537309482,114.38137984839723,105.23186846242795,39735,510.08396861417503
2020-07-06,110.1650404523558,115.0523959396534,108.33572307400347,43525,510.0525145476788
2020-07-07,109.42547745596448,111.21481395221738,104.5730224509258,60762,510.4875775224996
2020-07-08,110.96849205137121,111.03308046519109,108.39074571341786,57398,508.8151836654173
2020-07-09,109.67563514164776,113.31457889460783,109.32872696192257,49492,507.9204747843354
2020-07-10,109.94268601099695,112.36987668766976,106.86018119341738,86155,507.9459584030957
2020-07-11,109.90340319276945,114.34051227427526,105.79298610700847,55607,508.79984265812755
2020-07-12,108.73530969502825,109.58145514696275,104.2996371968545,79759,508.66143338613347
2020-07-13,109.25858635556,110.4748241066231,106.61440901386686,87007,507.0434587308412
2020-07-14,109.08704002433775,111.44524870317865,106.86295783535121,59165,508.48911240057174
2020-07-15,109.85883057555142,110.53770952564298,106.66837100714189,68531,509.02795825766077
2020-07-16,110.68233472951516,112.48400472155558,110.37028920611887,51446,509.41286260601464
2020-07-17,112.84557067879585,112.92338930245054,108.13692361342058,95387,508.6849293528874
2020-07-18,114.18209862823224,118.19100078215878,112.98255676285984,10359,509.63089135797975
2020-07-19,113.81291679028979,114.31643719820075,110.67604889134972,30811,510.6092375615096
2020-07-20,113.57353761271386,116.55282733094492,110.55581476047718,65280,510.145814883162
2020-07-21,114.67319720860098,115.98435377371992,111.06472469038329,89670,510.3568261494228
2020-07-22,115.32846093932358,115.47853579559884,111.06080164309998,40116,508.8318487125932
2020-07-23,115.96859246542117,116.51706822984778,114.70516495410871,47970,510.1548037910952
2020-07-24,114.35163642111034,117.84771226048018,113.31701735221434,94659,510.40416040082175
2020-07-25,114.3273102967114,118.78262186848524,110.59615316207346,81842,510.0293232136635
2020-07-26,113.58927938750571,113.86266813379034,112.65683589477774,73216,509.0921633686753
2020-07-27,113.86920398654895,115.27638720761644,109.0889899362871,34812,508.76502315832795
2020-07-28,113.771053596906,115.76321212727566,112.78477362393186,36265,508.7619366806287
2020-07-29,114.68123250499859,119.57464561262371,112.04888461154458,13422,509.05029743680524
2020-07-30,114.99845072018988,117.21179045803143,111.71709043050595,42869,508.8813397599747
2020-07-31,115.78477868229886,119.90908306494148,114.93141834528349,48587,509.23159912946574
2020-08-01,115.31835958556292,116.7239589658976,113.38864558690429,68747,509.08009353386296
2020-08-02,114.37391332964467,116.71476186728201,110.47853206129345,67310,510.28045070826715
2020-08-03,113.96386363644211,118.09317183802001,112.4630867377407,31497,508.299491821495
2020-08-04,113.94684322258068,117.79030367105031,112.22585258854494,39755,509.01655424510176
2020-08-05,114.32599495813577,115.5188250867491,113.30538871096215,52170,509.53381067596166
2020-08-06,116.58530390882662,117.84889134770457,112.79255834622666,46114,509.40040658440114
2020-08-07,116.54304675716597,119.28541168282788,115.34565078341059,82204,508.97515506525014
2020-08-08,115.58710175667319,120.27717678066159,114.2329008382679,12945,508.40871203437257
2020-08-09,115.2411199809738,115.84075967085373,112.7867217379182,23595,506.8192818805164
2020-08-10,114.77752400632771,118.63783394648988,113.81857042879402,20179,505.0204583452272
2020-08-11,115.25900548010118,118.94700820416224,114.11088121024143,85709,504.0337631587148
2020-08-12,113.71820846565655,117.97208670181978,109.08706678620402,43552,503.6748491971269
2020-08-13,113.78147045985688,118.22747229862706,109.77106402440735,61836,503.16123922653316
2020-08-14,113.93797699782226,118.35510428137079,112.59491829876511,46614,504.41493507160715
2020-08-15,114.17015803402253,118.67473752703857,110.67461213262952,33040,504.9171949250538
2020-08-16,113.57284196505717,118.47636616585817,111.7515734251718,32535,504.44922975592885
2020-08-17,113.33492023532116,114.99706793920689,111.20979212900596,44619,505.0659831036862
2020-08-18,111.91085932633864,116.55591596972175,108.38156233483242,98436,504.8978141211565
2020-08-19,111.41753944297645,116.15534100038104,107.3902509000072,49332,503.5334677582664
2020-08-20,110.87467796695972,114.11558935960714,109.5569132390758,46565,501.2850696290435
2020-08-21,111.29072801322116,114.61368173357756,110.4219651262633,74113,500.94679218599333
2020-08-22,110.13454558139924,111.92733835463001,107.93505034055703,93702,502.23861520680293
2020-08-23,110.91574368310923,114.64226331189644,109.65774715595097,29656,501.39930591958336
2020-08-24,112.4102282276006,115.42303295527677,108.39100141820333,41343,501.11550686686127
2020-08-25,110.34024320258706,114.27183808849033,109.49567880960929,62390,500.6903539237798
2020-08-26,110.76650193336516,111.53406996214011,109.13262405364038,94961,499.02703074649673
2020-08-27,111.44340996839541,115.51637326082951,110.47741178398951,32596,497.46565073098105
2020-08-28,110.80597294284318,114.4228810353829,110.64025171715413,71531,496.9351580754338
2020-08-29,110.40870112851438,113.13842765825399,107.48890429940354,51741,496.8708482562856
2020-08-30,110.27582055092743,111.57440312068198,106.37565155311115,26712,497.2826727243693
2020-08-31,109.9780296715257,110.4664006964123,105.88938842674291,98710,498.01504845895715
2020-09-01,109.66901670247857,112.0931832870119,106.22666733413499,85102,497.4678122136077
2020-09-02,107.9930128961486,108.7161206915213,104.17899894840369,35740,496.48510121652095
2020-09-03,109.14534446093172,112.95421029677182,106.92751833381193,93843,497.13472317333327
2020-09-04,110.22496305296855,114.8477577188452,109.65343781029902,17696,496.7917057591974
2020-09-05,109.41159879376434,113.51320531138839,108.05127940239318,77845,496.2138789794214
2020-09-06,107.94517446596183,109.59746901331064,105.14149535342618,62776,496.76891130806615
2020-09-07,108.46623934241458,109.19626108559704,103.81683622699362,58029,496.8751444119992
2020-09-08,107.89045137260152,107.93001763904951,104.49064018567027,93637,497.76960937996
2020-09-09,108.0324045359223,111.3506951951066,107.10841667367609,34854,497.0268956253022
2020-09-10,107.7130761187772,108.65113651483121,105.3903515891234,71797,496.6318305990397
2020-09-11,108.40461486984739,111.98738649067145,104.21761057254328,94503,497.3418076739884
2020-09-12,109.09936401350339,111.97652808600193,108.6155119259719,18443,496.84263637582336
2020-09-13,108.37376663503981,110.72385404977129,107.97796839350589,13962,496.68697764399826
2020-09-14,106.99040267964476,110.82809888774135,102.30296374842617,19124,494.8906849951517
2020-09-15,105.40746428230968,110.31279539701148,101.04032051366576,34299,495.32859832655106
2020-09-16,106.01784366141688,106.66081438607173,103.87461939784936,49878,496.69667915062325
2020-09-17,104.82898440363284,107.58157784399819,101.20877247608904,32918,495.70294441280134
2020-09-18,104.32216804933417,105.8882824759103,100.40040509223425,43112,496.83096898117554
2020-09-19,103.72585401088365,103.86563091203087,102.07406095191004,68956,497.26651279030983
2020-09-20,103.67328671461411,103.8200180492116,101.49211387369024,73071,495.9973456314675
2020-09-21,101.7370069087676,104.6251169317165,97.4336942976404,82305,496.1445211180916
2020-09-22,101.92578550556142,102.34036272157972,101.85893982406293,37500,494.8878735782549
2020-09-23,102.44967652939563,102.66931784080731,100.75813657782722,82708,495.2161694849784
2020-09-24,102.5380986164403,103.40249128508391,97.68454344130699,99695,496.33070501902563
2020-09-25,102.22721244474182,104.52653584556138,99.93611280647345,68300,494.9679335783343
2020-09-26,102.32461261101061,104.82845090840762,100.29751868858283,44431,495.8092005470808
2020-09-27,102.72365895665074,107.29999155534844,102.5609328606846,33050,494.55469789314924
2020-09-28,99.95106620022409,102.04941212154492,96.30682097515829,14893,492.9879642214666
2020-09-29,101.90697850847478,102.4458725789157,97.20155147415244,72305,493.1197577869159
2020-09-30,102.29707183116271,103.45165145353604,98.80836443597036,97913,493.6555157874177
2020-10-01,101.64466324877569,106.3717066799216,98.35769324466597,44032,493.4938707690818
2020-10-02,101.25370987358808,104.22947006452331,96.59349064941152,11549,492.90844138629075
2020-10-03,101.74745165093728,103.52416473170234,100.97728186443774,57155,491.18633875144815
2020-10-04,101.6313477119029,106.09490530150131,101.11113328657224,35707,492.28942159878125
2020-10-05,99.6006632441214,101.10353427481232,96.17261564606704,53762,494.5067396584808
2020-10-06,101.66515610548073,106.07062960599926,101.29692289349812,79541,495.2522949872533
2020-10-07,101.55461544824826,102.16028411138605,97.01045345919654,27060,493.75356205261943
2020-10-08,102.57478815996406,107.26593494611137,99.15050211358975,88980,493.68942223602284
2020-10-09,101.88273831217967,106.57117009935997,98.00481411108524,87617,493.4155476319775
2020-10-10,103.41911536642547,105.14546461226948,98.92925425022247,62133,492.85640516060755
2020-10-11,103.70545905531775,103.79320285635761,103.29223010241996,22747,491.0908562330072
2020-10-12,104.3143028897932,106.07951006091932,102.62945190137826,98876,491.3990486179293
2020-10-13,103.26904952364625,104.17310459981972,100.49822664066497,97621,492.2065478684684
2020-10-14,104.48019481332895,105.81053032054761,100.21101652280555,26878,491.9911471972552
2020-10-15,105.17001297786373,108.29842736420945,102.39007305952845,39968,491.52848805225153
2020-10-16,106.47185920742874,108.68735013565333,103.6011076635729,46357,492.00023431993907
2020-10-17,105.84377164778715,109.52533510838398,102.9785086310789,82599,492.4121608943219
2020-10-18,105.36274452932636,108.54792972167019,102.03403122934164,99007,493.50824561528736
2020-10-19,107.66666122701031,109.1694472546596,104.04617981196972,36179,493.1917034767877
2020-10-20,106.60664540428876,108.22602809694907,103.1764215363189,50102,492.4456423921166
2020-10-21,106.47069570361043,110.46142773686765,105.77990071696647,16238,490.7522188478785
2020-10-22,107.60758706621313,110.26840230732489,102.65441666752288,56879,489.99146657569827
2020-10-23,107.70531203392798,108.34221499792514,103.44519173854574,73914,487.1803590171381
2020-10-24,108.28826571368128,111.22188129884114,105.9251434300382,50213,487.6008853358464
2020-10-25,107.8888166844184,108.57871137812403,104.67155448640185,47857,485.80359681887035
2020-10-26,108.25887257226593,112.60241339782584,106.92241098126873,85884,486.6730480922888
2020-10-27,106.9523457205306,107.5986966951875,102.80279840565603,35631,487.2059006440095
2020-10-28,108.6104764001488,111.95751699960566,105.60534217107791,26979,488.6995651960477
2020-10-29,108.49231235502023,112.97636421334128,107.17925793891116,41810,488.2053901393447
2020-10-30,107.81213415102337,108.30275177827798,103.60796559373632,86959,487.3179867093575
2020-10-31,108.47851723305529,111.12967813263079,107.98625300820233,75394,489.0743848848872
2020-11-01,108.01779744566673,112.80825181409256,106.74200840675363,29219,489.6745140148352
2020-11-02,106.68353897426398,108.07325286832378,104.99644845814288,41293,490.283087492626
2020-11-03,105.33682146846643,106.74216116820492,104.71582975031865,10609,490.0168028852382
2020-11-04,106.03059462115655,108.3808566219725,103.70909078751272,87740,488.92023499912665
2020-11-05,105.8710211830103,110.6095376516367,102.04236417564509,86020,488.6332989575759
2020-11-06,105.73731962334185,109.74238808413408,103.70141153827265,22012,488.0150289494174
2020-11-07,106.81506342931812,108.17099159186455,103.34066822674951,87534,487.4245873801772
2020-11-08,105.68823762056137,106.84616440230705,104.71807346750501,24823,486.83444324438
2020-11-09,104.95755986769655,105.95064361811879,100.82240973056682,81870,485.4839985088209
2020-11-10,104.57268005851527,106.72130755660456,103.72024419002972,81884,487.7720551183957
2020-11-11,104.66703164783235,108.70656003835695,101.16078816447136,55968,485.8747538262744
2020-11-12,104.62486019654176,105.38637122638494,103.21691380372592,42848,485.98390185265805
2020-11-13,104.33797300415186,107.4232714004711,100.25253914459665,12558,486.66729298347764
2020-11-14,104.27634660205621,106.637798533504,99.45314220923164,19350,486.48510520126945
2020-11-15,104.16904132576504,107.40064537520118,100.28391123592483,40148,485.17779216848714
2020-11-16,103.44943693721325,105.46686292810008,103.17962397125129,96829,485.55621067292805
2020-11-17,102.63644394865916,106.4355550045996,102.43950390627522,98570,484.4211116447205
2020-11-18,102.9109603063831,104.51599794319235,102.80588300908745,52654,486.29727801290613
2020-11-19,102.02004522338758,105.63088218986722,97.34412805599662,55644,487.48502908942453
2020-11-20,100.86268996419673,105.66098186588545,99.96811282785373,85643,487.3570509931653
2020-11-21,100.55039771307104,103.44660647000718,96.27868471787151,14789,487.0889272250208
2020-11-22,100.39273069690722,103.5655340362838,96.72565792343737,38065,487.7169092232086
2020-11-23,102.64945419420543,105.27346019299833,99.26957726582998,81058,487.4997530500618
2020-11-24,101.94475391834919,104.37450580322455,101.70970997290917,18824,488.7314044612855
2020-11-25,102.88801464331868,103.73074874093602,100.03882137942301,29610,489.16590524265104
2020-11-26,103.63520297752332,107.07294776534053,98.7689253392231,16382,486.6521571339543
2020-11-27,102.44625802231958,105.47711734138201,99.21378483374492,88105,486.5548251753786
2020-11-28,103.21951099972219,105.98393980213135,101.7737775010835,69917,488.0395865842936
2020-11-29,102.03563035952887,103.56776525301306,98.1975903742061,40655,487.9547867731648
2020-11-30,99.37645812153212,101.34891516188259,96.95026234949223,94699,486.73242415785995
2020-12-01,99.9827776458915,102.14874692511883,99.39811628234025,29006,487.1358431829828
2020-12-02,98.22688706245378,101.51431254393485,93.84599123753408,95049,486.91474257643205
2020-12-03,98.6778215242597,102.3072896580525,94.65519859019288,79013,486.0224484396337
2020-12-04,97.99381062652249,99.55857791207313,97.86019991060017,10107,484.9447958870378
2020-12-05,99.65336142271235,102.72704390539546,99.44981104555248,84232,485.77299708277405
2020-12-06,100.72187082202836,102.57374216548641,99.77836257869497,80469,486.899459211832
2020-12-07,100.26848501817697,102.694543383442,95.95330152854936,69185,484.88238808442617
2020-12-08,99.58064740714829,99.9902349080308,98.60782324424102,47913,485.29901235963274
2020-12-09,98.36657000405417,101.25995812586505,93.7579509373133,59420,486.5118848616678
2020-12-10,97.92564737176158,102.40785796790286,95.37132521312668,74431,485.9350203163203
2020-12-11,97.64529187657708,102.41231860909382,96.20903043579999,51725,485.2251672575791
2020-12-12,97.28059833218539,98.95377398803713,96.65541396960906,75609,484.99210895709217
2020-12-13,97.43730218745775,98.28793269061318,94.53754095404494,86682,482.6775008888448
2020-12-14,98.01582368518663,102.89902666484359,93.53316274254901,80106,482.3604601932161
2020-12-15,98.36547814217981,102.3490031519109,95.26366263180007,64416,482.84128120273476
2020-12-16,97.60133421827337,99.06721647918545,95.42980172874478,76911,484.2947922166202
2020-12-17,96.16354274447178,96.18599296433682,93.03849749948361,50798,483.23188074546397
2020-12-18,97.52807459257426,98.84909591369512,93.85436984529984,13301,482.5791787441709
2020-12-19,96.83862540802431,101.61335174259773,95.64282978649214,45110,482.8021690417908
2020-12-20,96.18633180808929,98.55766577304476,94.83633576625255,93120,482.94916989878675
2020-12-21,95.66514249578819,97.13671256517645,91.20337982807327,28108,482.75060648834466
2020-12-22,93.82207294563153,95.53403652491508,89.91856131320428,59670,481.9312027066036
2020-12-23,93.34409894159106,94.49008311643814,89.71176207935967,59783,481.8577511311711
2020-12-24,92.8644431275831,95.69096515663553,89.51145297173993,90239,482.2010249482077
2020-12-25,93.48480142592662,94.57063674658782,90.88809324407238,84943,483.56693773883217
2020-12-26,94.18325857503395,97.66271633860636,92.3711937865661,37841,482.29374484003586
2020-12-27,94.18702946412022,96.55084502813371,92.22806589938043,69005,482.7712092876993
2020-12-28,95.11887783823452,95.9139268752815,94.72213542817809,93221,481.72490019539873
2020-12-29,95.45884282203579,100.4008745299349,91.0278823164788,52752,482.3062502499548
2020-12-30,95.44316071043323,97.43180952603194,95.33806150207869,21990,482.7071595034903
2020-12-31,95.60408887873146,97.55128721626747,91.38047525140871,29620,483.2671276431035
2021-01-01,95.41343538515005,97.62770262946447,93.13568289518399,87466,483.39126697959034
2021-01-02,95.0185858711166,96.10644136009141,94.09716166675857,93604,482.51512187218424
2021-01-03,94.75085233422264,99.56498887686145,91.63590809340215,88164,483.9139679141363
2021-01-04,93.62284100275264,95.74533627844437,91.05713777945627,82935,483.47487521732626
2021-01-05,93.90328270806893,96.83409967670512,90.69987667514184,81202,482.88150099565377
2021-01-06,92.91015909713934,94.60626318907256,91.08130564533923,73729,483.109641220652
2021-01-07,93.75179036121298,96.15457882899825,89.75899910657033,21118,482.2549550370312
2021-01-08,93.50233178105204,98.02278389013956,91.36117076482557,61102,481.18472121646965
2021-01-09,93.55182676270212,94.38989434442075,91.6093762808587,94708,481.02463426736983
2021-01-10,94.04566353898308,98.01267147404924,90.91376146685562,64836,480.2166569901524
2021-01-11,94.688978004046,96.99966003298468,90.50855734579761,58724,479.8191156641437
2021-01-12,93.11835459541255,94.4030605212666,92.67984120409207,71758,480.7558687172636
2021-01-13,92.91145091924858,96.34379971892052,90.72422153824851,85051,481.678735817514
2021-01-14,93.79162983132937,95.01329270647517,91.42673214324603,83642,480.29784827544705
2021-01-15,92.09352401189712,92.86039624988352,89.43382074885714,43421,479.2453625537368
2021-01-16,92.48080448729218,94.13158522699612,90.85093670080907,76040,478.8337810609189
2021-01-17,90.22524025789,91.68965490845294,89.30708211079101,75903,480.2046027826369
2021-01-18,89.20273341425438,92.854582232791,88.06026511266785,35353,480.1310295387755
2021-01-19,89.24136396609457,93.07138767782322,88.00809871537837,62379,480.49054558598226
2021-01-20,87.58464886377261,88.11380797693525,85.51379093006899,76533,481.5615097275672
2021-01-21,86.59913812608846,90.43853889865005,83.8301142583667,40242,482.32859143956307
2021-01-22,85.12730311862488,86.4101450970686,83.46821699010192,48726,481.58873579885807
2021-01-23,86.77543805083243,87.90821909570177,82.64722308394741,23737,481.2386781623357
2021-01-24,86.93966580631977,90.46842762504744,84.56036981563537,56117,479.9895188247149
2021-01-25,87.50695608417244,91.8757176300888,85.97778834997361,55062,480.3308943891301
2021-01-26,87.28428098365728,90.32048873008402,85.55609692524077,31077,479.3697975373516
2021-01-27,86.93084923490008,91.62650176023237,81.98446182314238,15123,478.0416069746298
2021-01-28,85.31437504624905,88.6415072011021,82.00671924481296,89947,476.7924425708021
2021-01-29,85.02253768350118,89.29576501983958,82.97415355317989,95738,477.3641464983463
2021-01-30,84.26104547168957,86.86415642242942,79.77680410202066,69805,477.13807284880534
2021-01-31,85.1189693959819,89.54757250350485,81.29590856930288,96739,477.8571162341195
2021-02-01,86.26007126263949,86.83581100266535,81.9370032372105,48170,478.3305011980984
2021-02-02,87.72664997821366,89.65865518234408,86.92106654570924,82447,481.49223990872673
2021-02-03,88.5792019176749,90.02625426081734,84.56711218683381,30560,482.3316465088789
2021-02-04,87.98054798075191,88.72672721612896,85.57997673801633,68531,484.5357063520084
2021-02-05,86.8646509947915,87.61172059372102,86.52391118829486,67337,486.107900331051
2021-02-06,87.63131417643659,89.84563565025249,87.17113075127284,80844,485.744026800129
2021-02-07,87.98760699390888,90.1997846614032,85.12061488652152,10969,485.302393620571
2021-02-08,86.21906854323186,90.77262727486618,84.275491370057,22387,484.93898924011904
2021-02-09,86.57455033597562,91.2800017973492,86.22043666771826,23209,484.5317845107588
2021-02-10,87.38907015846348,87.48445314126447,85.20723285269376,60815,483.43538942344713
2021-02-11,87.44799574764511,88.74366937186072,83.48724935794728,62378,484.05164031829634
2021-02-12,87.26294207663577,87.3051727725497,86.18788368140592,92483,484.75079534392165
2021-02-13,86.45529358901942,90.8623567154281,82.84257089691992,84063,485.62750278904934
2021-02-14,85.00875888945603,87.6693098793092,82.87721616245565,61483,484.60021677305457
2021-02-15,85.80905683879605,86.61472964146925,84.16556962027511,69524,485.94043606407445
2021-02-16,85.49994239402434,89.65230790398138,83.41116600598806,36727,487.2508886312605
2021-02-17,85.26647573248066,85.62518236375301,82.08696112880841,77825,488.9262759787487
2021-02-18,86.9991969193998,91.2673210415217,85.08455725169992,86213,489.8115149781841
2021-02-19,87.68369802625898,87.76449210702378,85.01641221323204,46631,490.8212174471774
2021-02-20,88.05452302754009,90.32897479486894,87.68032994237342,17531,491.65328968546845
2021-02-21,88.19658483272732,89.9664189505581,84.87667895816575,27942,490.6537720648837
2021-02-22,89.71657969349309,92.96157300980732,88.99368344752718,14078,489.7087188182231
2021-02-23,91.43616900090929,94.18724908828806,90.59158123816735,49979,488.1608711264222
2021-02-24,92.36567411238882,94.13470526628763,88.88277103442881,76445,489.1610842627236
2021-02-25,92.94789870378673,97.87819195315535,87.99301050974547,38817,488.273666308647
2021-02-26,90.8532956325806,93.00001461014492,86.33526258786775,82317,487.7672002962097
2021-02-27,90.9770175468141,93.40049734746688,88.69002017775968,84206,488.4415585308509
2021-02-28,90.84691059262039,93.99096288795185,89.33283905283115,97492,490.31995121257614
2021-03-01,90.94086382200597,91.43666708167397,88.71574950277427,20002,490.4486444883937
2021-03-02,91.88390990932848,96.29101222881019,89.08532879933156,51712,491.00205180997796
2021-03-03,89.14423274213893,91.97424584179818,87.82429104989072,15250,491.7923510664932
2021-03-04,88.57492068866874,91.95336675183358,84.96646753435478,91947,492.08795251120364
2021-03-05,88.8448250436095,93.45802330141538,88.72443441474684,13819,491.4443405454725
2021-03-06,88.37797949755674,91.58968452618703,83.66496302183023,64479,491.3177532434297
2021-03-07,86.96107338443048,87.31974595800777,83.33103972625854,48451,492.20226417900096
2021-03-08,87.83003687132728,88.24792955478117,83.4647447769108,10215,491.10377279386483
2021-03-09,88.1069087771734,90.9480651086621,86.41419568715557,21071,492.11706951787454
2021-03-10,87.13580420672892,87.71913028943266,82.47584908454321,29614,490.5072674716639
2021-03-11,87.45062141124474,87.66504382116382,82.50001379900118,53868,488.0418748511904
2021-03-12,88.27220712329454,90.19051705994245,87.37497987047783,41662,487.3023518429482
2021-03-13,88.2774997695939,93.16806187790274,85.40566668815976,83458,487.46526174457733
2021-03-14,89.0780645730249,91.82661581738618,84.74417966568423,41918,488.6382539604933
2021-03-15,89.15632474818656,93.58038421627627,88.91298819244129,37821,488.26234870971484
2021-03-16,88.7610957655322,91.02537366370888,84.88198977310233,38932,490.04468769394117
2021-03-17,87.60167524913228,92.2549525344193,87.42690839975486,64132,489.44175581254797
2021-03-18,87.51574448216068,87.66531720553839,84.24215456166228,80282,490.43050168827665
2021-03-19,87.71003742020645,91.30728797538507,87.23149617154832,72836,490.60556471741495
2021-03-20,88.58587018179378,93.36265962381198,88.08369021113884,34639,490.16655405023647
2021-03-21,88.47076271330656,90.81859637385331,87.03311405205132,55330,489.92335224144375
2021-03-22,88.92817831952755,90.19745355461471,87.05983698148422,94168,489.40954670452
2021-03-23,87.96356630579382,91.22108741747536,85.43303016324022,79751,490.540043500306
2021-03-24,87.1809371499663,89.09080756431464,86.84302328196371,94282,489.76820726847217
2021-03-25,87.0705478509394,88.76325920118194,85.11221280909857,21977,490.37945270580974
2021-03-26,86.0159193869544,87.80285872533207,81.22894672443061,79005,489.7039872776766
2021-03-27,86.83616722427908,88.89451433098917,84.44703733122135,88493,488.4675297160877
2021-03-28,87.29929755359768,89.55377354946718,82.42225084046892,29022,488.9751297394805
2021-03-29,87.57839331799013,88.4119166531715,82.84879212318903,32888,490.12278440752374
2021-03-30,87.91729744320608,91.29866623577873,86.55397798740202,75613,490.45144476108123
2021-03-31,89.93834100469087,94.13933145749701,85.86641550428985,66969,491.8082079509738
2021-04-01,89.46947681672408,93.14093720738853,87.73686099175201,71358,491.58928224768823
2021-04-02,87.26803553122352,89.36596187625416,84.04045405354891,80332,490.97811010844055
2021-04-03,87.46733572811999,88.29801760300117,85.83778350927483,56309,489.18748471586036
2021-04-04,87.41673218715832,90.97582824963519,86.43335038689699,71085,489.52694583870567
2021-04-05,86.89921314464792,87.16250921110425,84.00387544649108,91005,490.1439819148402
2021-04-06,85.92038328528915,88.43011515144876,81.66689071866205,91388,490.09298397220914
2021-04-07,85.481193763487,90.23017393645009,80.69597791846135,36601,490.2532761214044
2021-04-08,85.66253219270482,87.4200099736549,84.34991165831524,90310,491.1401199937258
2021-04-09,85.15971549206228,88.82808541815918,81.76200581931741,97294,491.53763769815674
2021-04-10,87.57216917160603,92.2457020740584,83.44532493549626,54752,490.7724341407387
2021-04-11,86.61166478997288,87.19251856115248,85.55332020198283,47874,491.6982276974254
2021-04-12,85.8185474272652,88.86430151250268,83.25837446885532,16515,490.5968325598336
2021-04-13,83.52992738725068,86.34567174081837,79.0023458193406,52098,489.4484451799014
2021-04-14,83.78141180227222,86.24932585042049,79.45697790427573,91265,488.42658732511467
2021-04-15,81.76500517447246,84.3202746725287,81.70855476279102,45087,489.79487430666745
2021-04-16,81.22555054109796,83.21948858920753,78.10472983625253,56361,489.2676644319326
2021-04-17,80.9498800065374,81.62834424783739,77.77290250852377,94118,489.0234855570407
2021-04-18,80.2401520406905,81.29075618306418,75.28470589387692,89825,487.63808858496037
2021-04-19,81.97902471814501,82.26088240128382,78.53646599289476,74476,488.5413688008491
2021-04-20,82.97341910946052,87.12894041830594,80.27466404522575,28267,488.5165475895756
2021-04-21,84.29255598576209,84.3685825428886,83.3820087489604,38780,490.5622371829723
2021-04-22,83.41013716721218,84.54606506916498,82.08992729312865,76395,491.37149060049677
2021-04-23,84.53873123172674,88.75103229136757,80.43950752879853,22764,491.0640305303737
2021-04-24,85.03473217807071,89.61484902623806,84.6868572458037,90491,491.791107797111
2021-04-25,85.80613812674756,87.42352851920906,85.73529449661945,38775,491.0214956277048
2021-04-26,86.83557695553031,90.2493537110845,83.77877264643502,34675,492.15485785453626
2021-04-27,85.92681370957126,86.05928001963399,82.54612625655713,65710,493.03251400180807
2021-04-28,85.50249608859336,90.19585303982939,81.37380102360034,42681,492.95666541709954
2021-04-29,86.36509209992181,87.42387408918198,83.71396922027328,81414,493.4753530401406
2021-04-30,83.70947300694688,84.45992971174068,79.49762637815597,55449,492.4814462087875
2021-05-01,85.22280108952009,85.68148181894449,81.09674824229215,60038,491.2192093874865
2021-05-02,85.77593315372768,89.12033752175795,83.82779812577262,35396,492.5578343218228
2021-05-03,85.73022919306743,87.3914157713815,85.2761820631883,70241,493.84508183300176
2021-05-04,85.9507368488246,88.58520521571585,82.13596751874454,40642,493.17665439867193
2021-05-05,84.92080156551563,89.83451797815681,80.09508662472993,97440,493.528250861146
2021-05-06,84.57085820092652,85.19627703467415,80.17905758027581,85546,495.078564494111
2021-05-07,85.6711425391469,88.51747374434586,82.50464649346898,90007,495.72912442918994
2021-05-08,86.96916451147312,88.42607052974115,86.48874946025956,19654,495.6821136197716
2021-05-09,89.6653885640367,92.46849053899679,86.70443264768022,42698,494.1801547781707
2021-05-10,89.59146389775628,93.94004993558862,89.5129612350592,27739,495.88456106645447
2021-05-11,88.93291093095128,92.29990785964394,85.97302853579295,49225,495.6810974531426
2021-05-12,88.4186769650113,93.12353046789036,84.25015102831802,34250,496.65092954687987
2021-05-13,87.40063508972393,91.11719658371285,83.69336516419223,70364,497.7538600874051
2021-05-14,87.32278033378307,89.87421542174539,84.24428983633548,53277,497.2706049238339
2021-05-15,87.70551276379535,88.39914788751005,87.10276980886646,27352,498.20213298709245
2021-05-16,87.6712704832634,88.19007222285614,86.8072331449496,43000,497.7129831471468
2021-05-17,88.76761732892919,90.36569255655449,84.54204406786242,29756,498.65198149504255
2021-05-18,88.53340152758466,90.31182932189758,85.57599720446997,29682,497.12358069029534
2021-05-19,88.18595087508609,92.28957657542671,85.57649221018876,52699,498.2124548554196
2021-05-20,87.60468239822576,90.12267112593698,86.56406862873679,70247,496.66852509613574
2021-05-21,85.97204787199126,88.5761692325177,83.85002874424855,88662,496.4335894820311
2021-05-22,84.40428014768281,89.3901781909749,81.49987452148662,40926,496.64624405351606
2021-05-23,83.22512221704514,86.39490167617556,80.0846492857435,25926,498.14878895425863
2021-05-24,84.5265502887099,87.44225982163931,81.00931088023026,34242,499.2909245036929
2021-05-25,85.42181056159983,89.56314524697362,81.68054687431942,10043,499.6747995283262
2021-05-26,86.79677462799282,87.55703745103679,83.69248649505595,88181,500.3487682392742
2021-05-27,85.46456297339832,89.76871194418409,84.68664335667772,90134,499.81753819436534
2021-05-28,83.49593828361229,84.82448098297787,80.78432951833524,28553,500.27652751079944
2021-05-29,82.83588196347822,84.29435642909071,82.46181034023705,39871,499.8600642543203
2021-05-30,83.01170091677423,86.39745537455035,80.0577017148867,13244,498.7855219343991
2021-05-31,83.51039119168406,84.11619847613319,78.61335790235161,61977,501.5662615126726
2021-06-01,84.55836334765212,85.45552816216453,83.22212778744915,43283,502.7792691950944
2021-06-02,84.84264301845933,89.69318236691166,82.88343944664493,68761,502.6241935849256
2021-06-03,86.58531179911496,89.71944523329013,85.22250145361829,75268,503.4802845788145
2021-06-04,86.36270611816664,87.63256560643768,83.56815464339093,86283,503.22358520120537
2021-06-05,85.44962690012484,89.94836058999982,85.23069219786788,97074,503.7996418363252
2021-06-06,83.7684086846304,85.51619756346695,78.79869959652991,65809,505.02693346701346
2021-06-07,82.87943732653495,83.65305392121174,78.89566852751433,15414,505.04601207682754
2021-06-08,83.12155528752008,88.02316545770591,80.03468675903666,48864,503.7455197914951
2021-06-09,82.23283503016646,82.81208166413558,78.16970432074652,54466,502.6526908308524
2021-06-10,83.16957749370171,86.03455627876221,82.06253192684827,83869,502.168427036806
2021-06-11,84.58190519973915,88.33227825382957,80.28973544321536,48742,503.6452802762736
2021-06-12,82.21231829451256,86.86928124452871,77.29434062876608,73534,503.16202681026664
2021-06-13,83.07637059501019,83.62652559525046,79.89870929729788,41715,502.3420389185944
2021-06-14,80.83676653634846,83.47579268072565,78.022969341955,19047,502.86981902637575
2021-06-15,81.23826559143875,81.90085225086919,78.9814481314939,18997,502.97246734753446
2021-06-16,82.46313615563241,86.32337290322918,79.24987601227221,54893,503.5045214256768
2021-06-17,82.52799226197598,83.54945422952191,79.24657474021834,22013,502.0859280931917
2021-06-18,81.24830308877173,82.38182940233816,78.47173694752111,67426,501.4711896353776
2021-06-19,80.66287188449397,85.65509210668027,76.85213394028737,80150,503.0512851835122
2021-06-20,80.40122643878307,84.62717861702156,78.63042127892781,61713,502.8312156803674
2021-06-21,80.21898165499313,83.47167154217375,76.1629807384555,46297,503.8482426317019
2021-06-22,80.01608481422646,83.21867389861106,76.83957573805533,57578,503.71836040341014
2021-06-23,79.90620203491714,82.89653254705924,78.17826341567284,14272,505.8077481270965
2021-06-24,80.11968208382731,84.88021090287964,79.22317660201745,49759,506.5292569888119
2021-06-25,78.91110843009409,83.20485798331266,76.50285390310711,56481,507.3851684848524
2021-06-26,78.66908860022387,81.72269833403656,76.39874442106999,34830,506.5464916015825
2021-06-27,80.18734977057957,80.8704945892408,78.71423079012357,48299,506.3168446889401
2021-06-28,79.80270434743706,81.64650858367695,76.84561922924455,36340,505.80782345062505
2021-06-29,79.35886825428186,84.16663980679567,79.33188025861779,20505,505.2620471796308
2021-06-30,80.4370655579961,81.04475672116976,78.80496420649581,55801,505.90551978301283
2021-07-01,77.87788089165201,78.37369814876601,74.63255967745025,18205,506.5511251263761
2021-07-02,79.0592594929403,79.2140716647657,78.92989521550588,30917,507.12585207590007
2021-07-03,78.42735573493513,81.53978010623813,75.54454052979365,66646,507.1238052693285
2021-07-04,78.59128430738771,80.16723753013957,76.70892324896553,88808,507.69579373549976
2021-07-05,78.68760566330891,83.20123759585951,74.8989248008111,68122,508.40076792594
2021-07-06,79.63007378252931,84.48584750491833,78.56804524666003,30601,509.40196687816706
2021-07-07,79.36247903629396,80.68575941689953,75.25458811387006,76859,509.0189373459863
2021-07-08,78.6844532547295,83.01671871784332,77.6503797945645,38261,509.2158682064089
2021-07-09,79.98229904538061,81.80569700558335,76.94994175090702,72853,509.56858156959163
2021-07-10,77.61812522823942,78.88616212356445,76.62792024546434,11268,510.88282042464994
2021-07-11,77.63845940994467,80.62289842830305,74.90250664658146,31263,512.2540446264845
2021-07-12,76.29053398731556,80.85388709204709,73.92209032163133,68382,511.81846521596617
2021-07-13,75.52896059905899,76.20451108522838,74.4093465880747,20709,511.2829980532199
2021-07-14,77.54021728052213,78.79392641744548,74.62193497441159,34576,510.69039622994
2021-07-15,77.49562185406627,77.68084478801573,76.39135656717214,31795,510.21421124905413
2021-07-16,77.69069155121765,79.20183191304491,75.14642184481184,32113,509.4604743970199
2021-07-17,75.90912869551207,79.47017026563707,71.62483347118967,29854,509.42218467250416
2021-07-18,75.18008403671737,75.69375553654399,70.86029968499341,60950,510.30955719692173
2021-07-19,75.37664143744615,76.87247390722663,72.1402457301506,67944,509.69597655987667
2021-07-20,75.73139913055937,78.4962257539431,73.40477876741119,54534,510.0114338868759
2021-07-21,76.34828568495266,80.30392871764833,73.0013348541337,31507,508.04320188574894
2021-07-22,76.35691358387024,81.30293995221703,72.30550886438454,76884,508.15304364755053
2021-07-23,76.8839177923249,79.01478406216023,72.92647564907205,43893,508.8674536587689
2021-07-24,77.33769970496057,79.94661003345165,74.59568318839311,66159,509.7096930959271
2021-07-25,75.50795929395605,79.87256698693193,73.97095582806476,61099,508.5929131527996
2021-07-26,75.54496501586618,77.88786175729462,72.25584405501851,14722,507.90530249041313
2021-07-27,76.31286742359889,77.38217084444523,76.21791976610125,36601,508.12400860533484
2021-07-28,76.90274724433341,81.35009866459697,72.0588859756533,51385,507.89710907112845
2021-07-29,76.53888843436262,80.18568704713734,74.89038545628259,50831,508.0466899073135
2021-07-30,75.73326192682325,77.6179741346328,73.64566666476051,37025,509.5083014751096
2021-07-31,74.61495000250162,77.05307530565382,71.87533524711759,92282,510.4946262772926
2021-08-01,74.4838959909602,75.49308665801617,70.89645434354807,33208,508.7620673362816
2021-08-02,75.61697587051994,75.84420408237958,74.80804320003045,17661,510.03635345310073
2021-08-03,73.66517176903832,75.28162440725062,71.7858482232255,16950,511.1061916260132
2021-08-04,73.00528003930883,76.17570076441957,71.41077766985664,58682,513.2573834075231
2021-08-05,71.86547758388205,73.27907879959818,71.58571258749554,56363,514.5163889848151
2021-08-06,72.65043510512255,77.5767598906985,70.38108176569315,96671,514.9033451889374
2021-08-07,72.09612547855126,72.60271633419723,71.65632144622543,90626,515.4377330849433
2021-08-08,71.62548782039647,74.85071980532392,67.21470336442906,73394,516.1162082633332
2021-08-09,71.40853825045981,74.13953308794149,68.76015486447342,59898,513.9134871876938
2021-08-10,71.85393150135461,71.8699384939007,67.76489583901822,48956,513.6443809467243
2021-08-11,71.46154250320498,75.66346586158835,68.4837778533991,10564,513.7817492304083
2021-08-12,68.41539944840505,70.45274186285316,63.73654764118743,75227,513.8938441064681
2021-08-13,68.95871133979257,71.52988223557406,68.55007559383832,79713,514.6622398704997
2021-08-14,69.39775429746462,73.02459657197637,65.73767552000511,76247,512.3263074764228
2021-08-15,69.1782132691334,72.79508137270038,65.76459654701422,10106,514.0098972156563
2021-08-16,68.09417664846146,72.08048299789186,64.11816391473418,43522,514.5498400439956
2021-08-17,68.44595675914282,69.01766174895418,65.58149643436428,44395,514.8686531868537
2021-08-18,68.82519229267841,73.65210965666898,67.31792909677804,39856,516.3150567643836
2021-08-19,68.35515940997753,72.70609233210185,66.79295734644487,83195,516.1381183344405
2021-08-20,68.13842793940199,72.56408772082847,63.7003282048821,43705,516.3969072598225
2021-08-21,67.20827143687768,70.46395070532763,65.43577356997928,21474,515.7748275939128
2021-08-22,67.02968234479034,68.47654612969187,62.95911266681398,47277,515.6465050389347
2021-08-23,65.47925299970686,68.99952378418219,61.64975552487735,42653,515.2901828657095
2021-08-24,65.8965718207387,69.76277698789183,63.346178093138654,46850,514.4823881303037
2021-08-25,64.9522033299144,66.09843426355468,60.39182466409489,81020,512.6267257663286
2021-08-26,65.19030647774672,69.46676320278496,63.6865119639947,30534,512.939796584797
2021-08-27,63.78434356147882,66.23743606177402,63.751648174193036,70296,513.1831625069364
2021-08-28,63.19428591560928,64.35840737769996,59.405579648748855,66345,512.2412141097702
2021-08-29,63.08379651054335,67.91586750652299,59.259889049182455,84257,512.84728525771
2021-08-30,61.42309669867409,66.03605776810423,60.44381333485979,55553,511.58708803804547
2021-08-31,61.53824457181418,65.12093167024886,57.45991178518445,70944,512.5352593977624
2021-09-01,61.15909700893426,63.8611757251819,56.864164424821155,56641,513.111400163799
2021-09-02,59.41674081112503,61.25221930293647,56.13125968363074,13134,514.9330278261791
2021-09-03,58.11349805701271,62.52485516899047,55.515897340850614,88663,514.4423444604789
2021-09-04,58.71861814109488,62.58601065602496,55.57626749917953,99040,514.5433859947996
2021-09-05,59.614174126646205,63.45034987764224,56.42998067241377,52070,514.1846987725544
2021-09-06,59.48226548686624,62.01645923464966,55.237502375087224,86283,515.5104449475416
2021-09-07,59.88702729890674,60.09178203011673,58.740345319036095,93209,515.2297091868015
2021-09-08,60.11087086221965,62.90187559338825,55.52584347070769,80284,517.0845877298757
2021-09-09,60.44049384434739,64.68020323491132,55.69108721259582,76933,516.6323033953277
2021-09-10,61.72647785142768,64.26275346241657,60.626232267002514,41928,516.2705973311519
2021-09-11,60.21947945321341,63.92901306480606,59.6931121720312,37181,516.7417094123314
2021-09-12,60.895940185575036,63.259733893879805,57.52797987753823,77361,517.185563244511
2021-09-13,60.51393122999722,63.31250408774516,59.94927399135795,27086,517.1786928523536
2021-09-14,60.289672295745575,60.52036998464463,59.04431674494119,33044,516.5187989793868
2021-09-15,59.98742256529051,61.539323071308196,59.1666484384601,94805,517.9960284309341
2021-09-16,59.61227544862923,64.10320451836765,55.32069186962279,14733,518.8330722805193
2021-09-17,58.38607925684621,59.929836513032534,53.84150293114807,47964,518.8281813299441
2021-09-18,58.56941845610381,60.837226854894055,57.00289486775219,53404,518.1269340728143
2021-09-19,60.24036148889267,63.088746780353,58.581845781187944,67088,518.1059701473034
2021-09-20,60.18422846844391,64.01154444215209,57.863016905909035,77305,518.5693948746077
2021-09-21,60.18284342570882,61.42350195114243,59.502663454065924,66673,518.5500375197028
2021-09-22,59.495544388552155,59.858933785455505,55.59052908677121,42371,517.7277611244186
2021-09-23,59.378069842134046,63.67676811947643,56.712591181030696,71249,517.7280751145272
2021-09-24,59.844236268168075,63.41516773746161,58.360673200502596,22486,518.2015060830004
2021-09-25,59.47399382746373,63.33089911342292,57.06442252118831,73610,516.8454800812049
2021-09-26,59.02018978641173,59.87428725263527,56.05612730518859,98475,515.8113770916581
2021-09-27,59.423454326574976,61.7856743043507,57.70271515450506,66614,513.4752317174552
2021-09-28,58.505449556755934,60.78523875869569,57.16461007525807,94075,512.32281983771
2021-09-29,58.75794618383281,61.27481073283734,58.02812213877606,74596,513.7184210454236
2021-09-30,59.57826798109423,64.16973200772503,56.17085878852383,88546,513.932811270651
2021-10-01,60.938216522773715,65.89665540905233,58.72715804333358,80259,513.7998660326992
2021-10-02,60.84783451549677,61.00606331921522,60.408288644614316,67322,513.4967681938218
2021-10-03,62.215431755303484,63.13709991931045,59.17439061897362,80086,511.36186563179365
2021-10-04,63.249841641785004,67.45262759744051,62.66666488554735,12982,511.8262998055465
2021-10-05,62.25362900141394,62.69148787919985,61.58636940944492,75186,512.9452605294653
2021-10-06,61.03569048982079,65.9132514089683,57.80142189568797,39386,514.4566929295295
2021-10-07,60.73072685196637,64.25278791744115,56.42867449168555,20024,515.767872449612
2021-10-08,61.75966234456122,61.81662262669852,58.12684751457091,42808,515.8821257491156
2021-10-09,61.687375337001214,65.17738116078704,56.75553740882529,96110,517.25342181449
2021-10-10,61.086717779343424,62.62981757459985,59.86176968036567,66484,517.4759316108546
2021-10-11,62.63896095939199,65.146216830578,58.50839265843686,36722,516.9057255389487
2021-10-12,62.92586544739533,63.62440301575542,59.941858068647406,55627,517.2581122004668
2021-10-13,60.60527117160459,63.62283139157321,56.835009133667825,69993,516.8989740468411
2021-10-14,60.92243179789728,61.98945841668773,58.52216472811457,17295,515.8885358053393
2021-10-15,61.44247241246815,62.85659917650569,60.81900819413049,39626,516.7868238575851
2021-10-16,61.66808106693925,65.14837086373144,57.61646104843311,11311,517.1209957993777
2021-10-17,62.11779316717124,63.111843438636605,60.38118956054682,78400,516.8625499428572
2021-10-18,62.05051755824826,63.49446724252702,61.23864582951341,82683,516.3940372900445
2021-10-19,60.73212168860353,61.16655004261488,58.06537086052778,69518,514.9619975330883
2021-10-20,60.361417685383074,63.363376220447186,57.72057328319419,71760,513.908709915289
2021-10-21,59.41580188982678,60.61526204027493,58.111156238351775,42293,513.7974408547853
2021-10-22,58.4830609790324,62.89080517552193,54.73359667602401,63751,513.2867310749318
2021-10-23,57.219992629930125,60.17682923884169,55.42870562966261,28087,513.5932412656854
2021-10-24,57.67248172256977,58.781262926236174,55.01844771328269,31516,513.6974094106423
2021-10-25,57.7703778679824,57.80681385343695,55.04240259999707,86628,514.8594972742261
2021-10-26,57.32221250530169,57.90592202368167,52.59876302540082,90204,515.989935251932
2021-10-27,56.67287457757131,57.82552747370927,51.77524532806301,14466,516.3910364266058
2021-10-28,56.649451472549856,59.412011735718366,53.201913418906685,42731,516.613026691735
2021-10-29,57.72864620066235,58.69388887087374,57.72458314824293,31423,516.5348793335341
2021-10-30,55.72443048516343,59.13794562328517,51.72188845439951,43292,515.5894306354976
2021-10-31,56.10130700601432,56.54519352112441,51.6606736822161,65279,515.8707370684231
2021-11-01,55.55559503199654,57.554254320914836,50.64420995864481,59809,515.8381267370817
2021-11-02,53.67100918701709,54.85394841348597,53.5732501774112,32951,513.9871581813917
2021-11-03,51.725306103853136,55.73961149367114,47.42728943789308,18095,512.9740932851889
2021-11-04,50.812522609717846,51.4522870888775,46.47933532174133,85375,513.6024840587138
2021-11-05,51.03203216551089,51.63503462217726,50.068438776553215,15789,512.6688004610869
2021-11-06,51.42509509949098,55.332698375843705,47.23308549252066,49351,512.4949823295157
2021-11-07,50.4861135268132,52.24504592818695,50.252355080570425,45265,513.0525068904201
2021-11-08,51.503134518226446,55.439338816665945,51.15650389173792,24848,512.3624923342097
2021-11-09,52.92611801474255,56.24958685204222,49.96030491963666,18983,511.40447597732725
2021-11-10,53.32220459969911,53.763257065220394,48.496172923155555,15005,513.5983079444189
2021-11-11,52.730801931891,57.58604775744564,50.37818529164438,42904,513.297528415801
2021-11-12,53.85522111640137,58.5075571181986,51.966427655917904,90340,513.4927107840525
2021-11-13,54.610616812064706,58.61985394112295,52.12334261823576,89925,514.2486796035932
2021-11-14,55.478024223419624,59.66989206065418,50.53706213278692,12258,515.1627208697168
2021-11-15,54.82156054844809,57.92416046627477,51.50222692790432,54813,512.928019977035
2021-11-16,51.98700604317339,56.58728756991029,49.23946072189124,24728,513.1455060278817
2021-11-17,54.103797064657066,56.182734629891634,50.14302835943657,34987,513.5635867830744
2021-11-18,52.492918661207135,56.96003942939046,50.122386452717,86965,514.1269428286492
2021-11-19,52.45715058934692,54.74852209136043,49.95365292061857,49262,514.5666893898295
2021-11-20,54.83789594056667,58.74680113341647,50.966424806261436,10972,514.7334294583669
2021-11-21,55.16847269684104,57.54647117735728,52.78288629694541,94269,515.4642768563712
2021-11-22,56.117719170399276,59.603801611094845,55.47204603351523,13920,514.3925473311328
2021-11-23,54.61532260101756,56.77851489951191,54.44820080446479,94734,513.4314101958049
2021-11-24,52.83765564628386,54.743642831208724,49.62183682623147,10746,513.177879682614
2021-11-25,52.304952854304304,55.56509876322809,51.77557936685739,76504,512.7421487424424
2021-11-26,53.39570258873881,57.30458683367263,48.95512171952545,94432,513.6617484750863
2021-11-27,53.0494531410915,53.456728118525255,50.53196437913495,53901,514.1708106205807
2021-11-28,52.25481682002,53.575267055791095,52.17674430510783,89378,514.6380377769525
2021-11-29,52.452784109964966,55.39600839281814,51.097292026169114,15066,513.8664948143916
2021-11-30,53.53471932844223,55.00415646353781,50.61887654791201,77471,513.6968377065646
2021-12-01,52.08977912936886,54.99486611694652,50.441673225389785,81549,514.9795212680019
2021-12-02,50.879236135245506,55.84620682237738,48.97536218518361,80488,514.8534000365822
2021-12-03,50.09056688073614,54.51607872613149,45.62345992720456,40692,515.6483116380459
2021-12-04,51.18520525544823,54.073562852195366,47.94028205322343,65023,515.6060838147866
2021-12-05,51.42002678139696,51.761529493219236,50.18016654234416,62032,516.5619159864759
2021-12-06,53.55218019196741,57.66648896531845,49.18373422125131,83091,516.3096393300804
2021-12-07,54.48862591779852,59.2467891527168,50.2853099131718,62116,517.3360866180632
2021-12-08,54.453530740928855,55.09245092019163,51.256674912401785,54207,517.6729805659583
2021-12-09,55.71860857901762,58.813559304698224,54.49878164698861,71793,517.9977654229552
2021-12-10,55.930105591749495,56.67134619453885,51.87388140699398,45864,519.4120078433392
2021-12-11,55.22518423924205,55.78178526469713,53.09584286609228,70114,519.3443226049333
2021-12-12,55.90515908348715,57.739906412432155,54.50533176304654,40504,518.2428896638663
2021-12-13,55.208832429626064,56.47361800462226,54.12987708738639,24473,518.8961327022014
2021-12-14,54.9184353288222,58.5983629001132,53.6568200718887,89176,518.1286202999123
2021-12-15,56.246218024780184,57.377209689235656,53.96217516493834,48895,517.8825794866542
2021-12-16,56.14493653856278,60.37649990378628,53.06122398459358,59449,519.1903794904663
2021-12-17,55.341795151221156,56.54456962541333,50.82891153018298,40483,519.2804335089852
2021-12-18,54.87745745978567,58.17454663026754,50.73839212787902,33254,519.5916152872793
2021-12-19,55.89924804537434,56.77303555985848,54.876662547298054,52307,519.4381298692676
2021-12-20,55.34670737195761,58.25599045274363,50.87923466554099,81630,519.3531451623486
2021-12-21,54.959836525106965,57.47884702799505,53.23623926198757,54159,520.111723069869
2021-12-22,54.44954378547334,57.30644666986331,51.85896508011391,24039,521.7747843874707
2021-12-23,54.633469279813646,56.55816247904942,52.981048135334085,96251,523.0259024172443
2021-12-24,54.24797951943804,58.899508147112435,50.173125141639616,15144,522.2031853329634
2021-12-25,52.6461434704655,54.1986824413342,52.09445784610049,95588,522.4610390592062
2021-12-26,51.758962528620465,56.29959466327917,47.1423304739307,97715,523.3179850773028
2021-12-27,50.826173487114026,54.561671434632615,49.735706711156126,88626,523.6275628466036
2021-12-28,52.06949287156918,53.901438060094414,50.78031635884749,43628,522.7163277081338
2021-12-29,52.882166913678226,55.17515330702575,52.003622045341295,48949,522.9201167990337
2021-12-30,53.46942629307805,57.833412046428776,52.891137408053694,39522,523.8522394741361
2021-12-31,52.96406797581364,53.86642068660849,50.05968391341538,92999,524.2824520563544
2022-01-01,52.14827643381967,52.91961644655234,49.952600064655684,15994,524.5554369433322
2022-01-02,51.64075883216231,54.47765184522933,47.5562595703266,20787,525.1405812244192
2022-01-03,50.58887872961064,55.49726331149553,48.903072951902814,26359,525.5566217080428
2022-01-04,53.08607912119765,55.58544948356558,49.185297437048135,59507,524.4114547917121
2022-01-05,50.84075747282625,53.916786038954825,47.90912056005423,66385,525.3408254375311
2022-01-06,51.40476600790006,54.53383919056082,47.96655358806064,56740,526.3581990970483
2022-01-07,50.12021370990753,53.57008409360832,47.76737421607923,15349,525.6971301000299
2022-01-08,50.015870218412836,53.38488307102172,48.63128941423032,23102,526.8099478229798
2022-01-09,49.027868275919104,53.404277906588746,48.99101333957467,42859,526.5375317978803
2022-01-10,47.850239313436475,50.01522019801225,46.57999022781414,69454,528.5932941290766
2022-01-11,46.710043012501515,51.44506002285166,43.85372604118049,18689,528.2321616789474
2022-01-12,48.465029166243575,52.35618044040689,45.805361382766854,20830,527.8114735376762
2022-01-13,48.33204074393398,49.703162071054315,43.50668707426715,90030,526.0351551379202
2022-01-14,47.56633854945589,49.01304815765201,44.010258882662036,25707,526.6175048229533
2022-01-15,48.12212551353876,50.1150137360158,47.32495738343793,87875,527.1379896595262
2022-01-16,48.13247482810506,52.986711152126766,43.17466288799365,98580,526.5979345124568
2022-01-17,48.852508587446714,48.969559750686514,47.12548002973035,56788,527.59719223802
2022-01-18,47.02825193150888,47.42972370659387,44.07855291388742,42553,528.0526125158912
2022-01-19,47.331855835970885,49.506537019238635,46.70879720400616,20732,527.1354413863993
2022-01-20,48.10455067307327,51.08796720088815,44.55381391938711,49323,525.8407624700371
2022-01-21,46.442952381958705,51.14365537098629,41.79135950549198,58781,526.0773626865941
2022-01-22,46.89114766638202,50.86330308568661,45.38717221657581,49168,526.5899929704993
2022-01-23,48.58732923921018,48.77819825227345,44.53980264571141,20058,523.597361097509
2022-01-24,48.57247153585548,49.05816415259388,43.69782054091661,12781,524.0177791422814
2022-01-25,49.39387747288029,50.165694707589964,47.819687413216144,10846,525.4329986488736
2022-01-26,50.0644479231912,54.047450967679964,49.30925169177878,76688,525.9458916215459
2022-01-27,49.356942225680626,51.01076717163094,44.532658901292145,29712,525.8057158380675
2022-01-28,49.39670896026712,53.39137745147409,46.275436973648425,16240,526.9444170038021
2022-01-29,47.82971424940552,47.85323053054252,47.01625658910661,26139,526.9525438198323
2022-01-30,47.37841121230299,50.181935284312466,44.47131260851022,32557,526.6500730358305
2022-01-31,47.64409918726923,50.791297674106254,45.49930141373473,96713,526.6136994595983
2022-02-01,48.36719968100702,50.94961048894093,48.05019345654573,19502,527.8830749786348
2022-02-02,48.391811806254935,52.4992440774777,43.926260332811374,37410,528.311759172504
2022-02-03,49.1117955363981,50.99118027078686,44.93469302660011,47482,529.3025632050478
2022-02-04,48.00888932344273,51.0485733379313,46.97883077317218,34592,528.2646685545755
2022-02-05,47.90719204888786,48.48257907866367,43.734907212120376,36487,526.1386180838639
2022-02-06,47.926471433400934,51.75897527155386,43.98524109065402,54369,525.6064256464656
2022-02-07,49.77606268008057,50.40973105900536,46.06869940840348,56283,525.4334138103313
2022-02-08,49.561896023880486,53.34600107203654,48.365003423593954,85785,524.9061472167181
2022-02-09,49.062879385886305,50.64871217128776,48.8756036572839,93849,525.4534068363155
2022-02-10,49.08423060972985,49.157460065465074,44.99388728405488,98794,526.0246866806248
2022-02-11,48.16511716485991,50.41027321081197,44.2299106248852,35676,526.4313232476503
2022-02-12,48.35787101392513,51.935828707550264,47.38508847478832,80887,526.89699390401
2022-02-13,47.99281579737887,52.498744478638386,46.672805765914276,36524,527.5171220302817
2022-02-14,46.201488249337686,50.014186366770915,44.98183222851245,28166,528.012914560885
2022-02-15,46.14290169820382,48.88956168340241,43.524835024384075,53853,527.4799383030698
2022-02-16,45.825358604273625,47.60970914411041,42.18715383506832,53962,528.090495273269
2022-02-17,44.19293530220564,46.984462121792916,42.79918029866318,53641,528.533345432958
2022-02-18,44.12580114759112,48.550912422284014,43.21924483744438,20091,527.8657886624477
2022-02-19,45.6151571096656,49.92705269918421,42.02460027501941,38825,528.0885657741806
2022-02-20,46.136460857941316,46.18489899291433,41.44802723233858,81636,528.7083677994378
2022-02-21,46.748388050672474,50.1160128156248,44.92695260544062,32639,529.9935384338934
2022-02-22,45.40689132508943,46.17254996245411,42.99044287784332,97628,528.8138218878556
2022-02-23,45.883789694011654,49.90260434432423,41.314352838404005,27944,528.9807130226765
2022-02-24,46.03223927539173,50.25730356099583,42.1694121446849,30229,530.0623236202048
2022-02-25,46.561284513726164,50.878822830922246,45.68648254953326,23346,530.594177874425
2022-02-26,46.98391313543499,48.436880377361575,45.95816114541866,91996,530.6773270328287
2022-02-27,45.62413240993118,48.87168606504961,45.356133772565855,13627,529.9400221998749
2022-02-28,45.58273159837321,46.065207571241125,44.23146682986831,51935,528.4385304140322
2022-03-01,44.82486073794804,49.6970009835182,42.45821975651293,19019,526.51152038262
2022-03-02,44.77477664366322,46.821883297726565,43.2537782321987,17665,526.3818968130239
2022-03-03,43.87737571676139,46.602456049147776,41.5205853939344,16508,527.0770636238359
2022-03-04,45.18984608390239,47.70916252727079,42.10965142477419,27932,526.1343681615994
2022-03-05,44.330873695458045,47.51071354711419,39.67650635250379,86656,527.4028972016326
2022-03-06,43.43193153899251,43.822722135603215,38.814447602279344,67989,527.0354223701005
2022-03-07,43.50651794553606,43.95616214689397,40.39517768667392,11660,526.2560379314727
2022-03-08,42.42941887613207,42.81816428518461,40.598957828391434,41391,527.0255595663649
2022-03-09,42.0047555736992,42.9250840568094,40.715390958735384,73330,526.7573183682986
2022-03-10,41.17479097616124,43.188327046000154,38.140077066070205,40227,526.1342369999422
2022-03-11,42.58596304005085,44.56979685332575,39.349791120365445,16741,526.5362488849343
2022-03-12,43.37176686688202,44.92864399995163,42.03186060747741,12863,526.8077304073646
2022-03-13,43.31429734841662,47.15547856220433,43.02126742260915,12042,526.749425385588
2022-03-14,42.92308029624261,47.145486799083976,41.15546871245238,62998,526.8512535680754
2022-03-15,43.86399791081772,44.330492730473715,39.09129259036088,42836,525.9560533028828
2022-03-16,44.26920199114061,44.91292267801528,43.14646212868941,31705,525.8683588260053
2022-03-17,44.76725439582347,44.85868063051699,43.21619201542863,75048,525.705521407736
2022-03-18,44.741062158479224,45.42125341295158,43.27683133630465,34480,525.7240779407304
2022-03-19,43.05283213070779,44.871345754676945,39.5460015151789,30955,526.1045733670936
2022-03-20,42.940366148148236,45.99032377734897,39.26530585773692,44064,526.0726023194013
2022-03-21,42.407876228939166,44.80580042991032,40.186284549326714,11762,525.7176260364344
2022-03-22,43.05293150239904,47.914919963152556,38.48883901839358,99238,525.2763344690648
2022-03-23,44.06477393539323,44.11641353380018,40.438541289325144,80781,525.9460284913393
2022-03-24,43.40682289063206,46.79569858177787,38.96692672821273,27436,525.540045133534
2022-03-25,43.87520812490911,44.76563398153238,39.614722947586,88108,525.242479203581
2022-03-26,45.611087122594824,47.75046567807307,41.74812205385581,45441,523.6326857740497
2022-03-27,44.94337440202427,48.59232519133219,43.33872072871378,17013,525.0087075326627
2022-03-28,46.625296142097405,46.913891047122675,45.941041201065346,20841,523.3149365774228
2022-03-29,45.77271029492676,46.18522762239788,42.4062596668964,93077,524.1745767028868
2022-03-30,45.79567005053471,49.61744574285564,42.294497607455526,97459,523.6414633429204
2022-03-31,45.78452443869287,47.817398114657806,42.0198257201203,68059,523.5286259621748
2022-04-01,45.79602333856293,50.21954197200963,41.742826010470154,61789,521.8058421461193
2022-04-02,44.95834529665499,47.27889961274208,42.96071186044584,98035,522.2892491060276
2022-04-03,44.36716219289056,47.80336088184244,42.501148082868426,70088,522.3281859109813
2022-04-04,43.69944190653116,47.352683267458026,42.12047620129461,99567,521.5872348010001
2022-04-05,44.02640450193562,46.53843571074164,41.8609871903324,64750,521.4803057927636
2022-04-06,44.35643961644593,48.725844590921895,39.99699998144304,66581,520.4123447003602
2022-04-07,46.582383948184194,49.627562956797114,46.57281154743779,69421,520.882784512489
2022-04-08,47.95337295447531,48.773595910817,45.20304205967133,91845,521.1860432522219
2022-04-09,47.44352971233683,49.75137185646398,46.325069270164846,71889,518.9243131948908
2022-04-10,47.76839932813302,48.02685968130891,44.90013902206256,62378,518.8956587891421
2022-04-11,48.76551730892478,53.73536362686229,48.33441413703355,82988,518.26484433173
2022-04-12,48.796119133263296,49.08215692701687,48.3725752003628,43767,516.960333258585
2022-04-13,48.72647755481636,50.10478364856188,47.77654495666603,28855,517.2638940770327
2022-04-14,48.77805249758625,52.14888389945489,43.852775903136106,58737,517.8517332313307
2022-04-15,49.64532912639468,50.92480679553633,46.41618269157668,42873,517.0090942410826
2022-04-16,48.79700860358945,52.95245178411498,46.642092547566826,24445,518.1194350877433
2022-04-17,48.47133913476927,49.89550253809476,46.96350626031413,40624,517.1077696877154
2022-04-18,48.941772279615755,51.870422710659405,46.03759542512221,88084,514.8336763700963
2022-04-19,49.25321935116991,53.315374081339776,46.98722805372634,64710,515.1326774562407
2022-04-20,49.4928021110263,53.56426050051948,47.18146006903969,45200,516.3950784007906
2022-04-21,49.1230009447225,53.59418621817099,47.19884709942524,59763,515.872100643643
2022-04-22,50.09553673386504,54.95080776801762,48.88935542750074,92884,516.5906093554419
2022-04-23,52.22940498106958,55.91003436085737,51.80714916578927,34346,516.2956311135805
2022-04-24,52.635820474745785,55.58289117566309,49.20487221373433,42271,516.1140810115501
2022-04-25,52.44264377319595,56.46164040731499,51.5563944664487,33025,515.7587576638036
2022-04-26,53.19838406209049,54.366607769477646,51.070908073888255,74362,518.1138524336617
2022-04-27,52.6592514253375,54.61910259102119,49.72301357722007,64160,518.6600795876694
2022-04-28,51.9095610806346,56.46169892252464,51.17528038775413,72324,517.4422465693712
2022-04-29,51.94236982824832,56.89012519624667,48.95557138177361,35670,519.0583681141832
2022-04-30,49.35957319527837,54.19297870921258,47.54870069201847,37384,520.0101706301186
2022-05-01,48.205622831626364,50.04891490342733,46.92761105985213,55564,520.3419999442418
2022-05-02,47.85766097570552,48.73214875612053,45.114665449078025,87042,519.8454308195397
2022-05-03,46.50427211755781,47.9338817658482,41.55897359737744,54865,520.523148815418
2022-05-04,45.471629015665684,45.729438938187144,41.6286972715656,77809,521.0404376035152
2022-05-05,45.03488067820768,45.073947937175745,43.608598368118066,45396,522.0804568034654
2022-05-06,43.39191538467707,43.56967537509015,40.88423636190072,28270,522.7521946152953
2022-05-07,42.98584358841724,46.34336112472801,40.95549068548335,82964,522.3069116917785
2022-05-08,42.45057342388439,43.174853920965184,39.82327010722687,39691,520.6474049266709
2022-05-09,42.47597863226941,44.85982961111807,39.018234166778,28767,519.5913936696229
2022-05-10,43.63016266276343,45.7352509806375,39.6914543999317,64399,520.2946584673073
2022-05-11,43.802667079256295,48.38812697811978,39.02375022850688,63525,519.1853190522953
2022-05-12,43.82372910059836,48.51244266542838,42.34843858920369,79497,520.1164857120976
2022-05-13,43.923183557629066,48.05484308918983,42.301907279280506,52086,520.1227926852081
2022-05-14,44.1505763327502,48.06015452133851,44.03869542384478,73242,519.2629790851303
2022-05-15,43.13383768414043,47.321787409548904,41.635527767687286,22560,518.0214617439592
2022-05-16,43.019062359369634,47.669582775779816,38.31051697914635,77586,516.8750332636073
2022-05-17,43.327813601206245,46.15887887595085,39.160815894220235,59853,516.8541924139397
2022-05-18,41.95705361866318,44.19510425084072,41.362121360865565,65470,516.23089752822
2022-05-19,42.822706541479036,47.005098633492,37.999506834053946,64382,516.993813513123
2022-05-20,43.904082575937224,46.073073964613066,39.464529034536945,94256,517.1650308090487
2022-05-21,43.27270658748783,44.700428391195246,38.9822379797085,24231,516.7065337688038
2022-05-22,43.03136879603473,45.49250269620097,38.41145854657309,79309,517.4668780612088
2022-05-23,42.153178453224655,43.959835695081566,39.483239138845356,87092,517.5470433015034
2022-05-24,42.85255893681247,45.74931333131616,37.997775319353785,64831,518.6456539333258
2022-05-25,41.79133664936656,44.29671861065789,41.660351701906734,70251,518.7346553120217
2022-05-26,41.568859639123644,44.2366745231983,38.75671025761956,60176,518.702546362632
2022-05-27,40.70993973131597,40.91748246531657,38.844464869379394,10163,518.5803216203794
2022-05-28,40.76089400832726,41.95173132430952,37.940558707216205,80846,518.0675203958154
2022-05-29,38.966664736837544,40.62120793044155,34.47483767232363,15999,518.74894890935
2022-05-30,40.29312637920324,40.80403891596697,38.04629943997036,45764,518.5026176567384
2022-05-31,39.32851995499697,42.32100366036069,38.19125942657702,26362,519.6156060050587
2022-06-01,39.38841463811325,40.23377618658337,37.5947143017701,52646,519.9190302759459
2022-06-02,39.17589159334294,39.90076419694618,36.94723241994622,46481,519.8606896041642
2022-06-03,38.41377708142044,40.850925573930375,36.13910858192491,10259,517.0358184202778
2022-06-04,37.52599694478451,39.710822871785766,35.836832391435024,15236,516.5566616315064
2022-06-05,38.462395488336966,41.64777730603535,36.14916293553884,67508,514.9113403654486
2022-06-06,37.936754895235026,42.786910055601005,36.204156869363686,65722,514.0130558394679
2022-06-07,38.20792507987234,38.41037534028943,36.70500310732757,56100,513.3115397246157
2022-06-08,37.40642819447797,39.8658346839279,33.10025232056886,80889,511.33413522170696
2022-06-09,36.759246762630205,40.83447622851187,32.533427863141966,94101,512.0778170866536
2022-06-10,37.23149391271805,38.9717757067143,35.81139799280591,55797,512.7664261724087
2022-06-11,38.161902408829164,40.2029444266624,33.70137602721464,62483,514.565548793617
2022-06-12,37.986586006502144,38.548791714917826,35.86828289249188,38499,512.9129147800033
2022-06-13,36.56466613486171,39.20508967156741,34.839380011112794,72615,512.611866897714
2022-06-14,38.562622214611714,38.81714064040956,37.4906524144162,90734,513.3184096453862
2022-06-15,37.70607290637751,39.216810823269576,34.15105162762034,27054,511.82025814029396
2022-06-16,36.16448550670572,39.50172722608558,36.018761725002264,93161,511.16605687550623
2022-06-17,38.75891009447387,42.50822429496425,35.75478587620224,24215,511.3170322750452
2022-06-18,38.35487780062293,39.69407448408408,38.21498149674598,59066,511.23915748838874
2022-06-19,36.89314511236152,39.5941035085317,35.431508123231154,92572,511.9659030259872
2022-06-20,36.20970534557284,38.82773864839161,31.34469243918154,50452,511.6371758453444
2022-06-21,36.57725024159511,40.233178174633856,33.61807584093519,88064,511.9847117633613
2022-06-22,36.767561799189046,38.7154849546019,35.30249406547568,88747,511.22489886100885
2022-06-23,35.91583260193546,37.55030258773328,34.47416849271586,47068,511.94604314185653
2022-06-24,37.73855620206342,38.33627447908872,37.111583841123654,25983,511.6310738443595
2022-06-25,37.21697652407005,39.42136286541063,35.56294007231955,96730,510.60122062290196
2022-06-26,36.0322899336585,37.63450111538627,33.78066910736301,75276,511.89112745695724
2022-06-27,36.99298333211916,37.97271380996387,33.424382264121505,59579,510.3023793442936
2022-06-28,38.322046178658844,39.13693063495439,35.4888034481072,38341,510.2277412936488
2022-06-29,37.504553081042616,39.15373438638527,37.295548632866605,47102,510.8251304469237
2022-06-30,36.10320578800331,40.06078826054527,34.37325675454708,71066,511.60257072128496
2022-07-01,37.13364405541891,41.056847784600365,36.87865073087246,45571,512.2347478921622
2022-07-02,35.08632044236096,39.97947275881741,30.392512831611704,34619,512.4886923178128
2022-07-03,33.859698782964344,35.9581228994223,31.73227624318114,69142,512.9683624062254
2022-07-04,34.82714493301458,39.26297669020532,31.833027189103557,43479,511.9819567264656
2022-07-05,34.771792384992196,39.440174685047836,31.120376248521115,57616,511.2050158394449
2022-07-06,34.507855036399505,36.319604940406386,34.49000043951991,35139,510.93784797918255
2022-07-07,34.86067164289388,37.30290730565356,34.332587241294696,92594,510.92230724051956
2022-07-08,34.70789721934847,36.40541055929106,32.026887906039,74352,509.91965783551706
2022-07-09,33.40921049718537,33.9463330906815,30.403243046553584,74535,507.5533341452799
2022-07-10,34.68528584319155,36.69588898657247,31.063752483522602,73175,508.2185309461183
2022-07-11,36.010299896078365,40.82717199183855,35.436535596786044,55856,508.68602150254327
2022-07-12,36.21563245985632,40.327206702519334,34.42935120651341,26386,509.2909835295205
2022-07-13,36.260766475288335,40.06993972737495,32.52685937664061,34230,507.5238450285504
2022-07-14,38.60039128130839,39.10502297827733,37.40446463024788,78876,506.65461918318846
2022-07-15,38.32395843629255,38.377918451338424,33.48658276952206,77136,504.8825273494454
2022-07-16,38.06438145445851,38.764216802612886,33.19212359937749,93715,505.5414547216914
2022-07-17,38.42886270369902,40.37330709929071,36.00133224915851,91293,505.6980089836938
2022-07-18,39.90018465984136,44.505613279605015,39.24873561652506,44778,505.5576817730051
2022-07-19,41.492955414258844,42.15975675493474,41.4000348345329,14227,506.43671455355525
2022-07-20,41.234382782582074,44.09679883696633,40.64327584753345,52214,505.5452662727594
2022-07-21,41.54271402854142,44.221716572041665,39.66061599651663,69846,506.06107411109855
2022-07-22,40.16463056147734,40.9689040222258,38.474124984053034,65700,506.0784700566655
2022-07-23,39.85265445356112,43.816031364626404,35.98863577552663,47690,507.6112655034508
2022-07-24,39.012364058081815,39.1866808539546,36.163551425758726,79300,507.5689603467212
2022-07-25,38.00553230578283,38.39920591965113,35.8115629609941,79178,506.8809341694406
2022-07-26,39.68710902205016,43.916167070406054,38.98139677659872,96126,505.6683371741862
2022-07-27,38.894822360244014,40.62522900130407,38.17042648455129,32098,506.0517097382822
2022-07-28,38.36321645223256,43.28361613673955,34.55739036810602,20553,506.34856743088625
2022-07-29,38.72906524014942,39.91092493527356,34.03520368979911,58811,506.6676951476933
2022-07-30,40.026890507123,44.52928486458002,38.74244036250299,83194,506.0107874971219
2022-07-31,40.508005633511836,43.377087211827345,37.864775541864034,96085,504.60085908738085
2022-08-01,43.26736074753342,45.23428654786251,39.167946153083825,37869,503.6500756233647
2022-08-02,43.19269276928227,47.03948123919961,39.15819061190408,56159,504.2622051742983
2022-08-03,43.451409209512015,47.650658604548255,40.23712208766181,50025,505.5703176041349
2022-08-04,43.72700988349607,45.29004926697014,43.51236319028663,26877,506.96333260829357
2022-08-05,45.162059270285226,47.546512337709224,44.372321425647975,21253,507.05877098570505
2022-08-06,45.66929822139484,49.0476814831542,41.46696041799299,15400,506.881321417613
2022-08-07,45.55306852100769,49.043505088419195,41.49316707240993,47220,509.05551994163505
2022-08-08,44.60557992610081,46.107285836853045,41.27257685932474,86476,506.99110100895876
2022-08-09,44.85002338206244,45.31354524227355,41.96392864336886,10889,505.9990561516371
2022-08-10,46.2513682133544,48.20689329115749,44.9176091291781,70224,505.50138114764
2022-08-11,45.84098641969653,47.564512869134205,42.52431004010271,40141,505.31136524154806
2022-08-12,46.36993003811311,46.81801648217316,45.832779915858744,19740,505.6227339655611
2022-08-13,46.616077826797955,48.58202096957131,41.84769749372401,22998,504.50768543838797
2022-08-14,47.47959748517927,50.33538083440207,44.609905379214744,94529,505.1849763121627
2022-08-15,46.6748437445414,51.65653024757919,46.30761731794415,64176,505.6029808618827
2022-08-16,49.02149077506796,52.80653481604854,44.722412937452766,13187,504.74979343746566
2022-08-17,47.7423296680397,49.39528692848703,44.91553710537365,77249,505.99662675678337
2022-08-18,47.37677857805367,49.45569643062239,46.24883024113939,69789,503.9157413896453
2022-08-19,48.31487111895931,48.905660641061054,48.08714097532193,10075,505.8627632971408
2022-08-20,48.611604291453425,52.63502935543127,43.68882079632244,29473,506.15785603554826
2022-08-21,49.44159045053453,52.27063638187477,46.965698274236175,38119,506.96648070481643
2022-08-22,48.945488116551964,51.31145091979729,47.82535560820126,81983,506.17444099923466
2022-08-23,48.87068313387162,51.14420733006666,45.99088730862437,10330,505.95038731069644
2022-08-24,48.88291511751044,50.04570123782505,47.91691221905334,16772,506.02116456472515
2022-08-25,50.452174732046345,51.82137042935555,49.13805562622404,29701,504.1672216640025
2022-08-26,51.142603756429395,52.76044980861653,46.51824771289124,27254,504.7213910158086
2022-08-27,51.93927586479407,51.948185948549174,50.41831819252877,90304,504.59206526446866
2022-08-28,51.28134977225727,53.98869144825019,48.638846080073584,93492,506.1926990506629
2022-08-29,52.250232410820324,57.199795322396916,50.78582569641807,48365,506.94518845497294
2022-08-30,52.47581407438913,54.11690062237789,50.39139280708639,79063,505.33206900859875
2022-08-31,53.86495939006706,56.253353421417884,50.91197286347834,27344,506.9578986151962
2022-09-01,55.879019544985525,60.27813743074879,52.06921543426492,24144,508.27188921182267
2022-09-02,55.57225376895852,58.2449193008634,55.53189367046809,45779,509.30870726119014
2022-09-03,55.16595063851346,58.14207112604596,54.096595769132385,37398,509.7744827086464
2022-09-04,54.30190564741109,56.09268988541414,50.286340278906025,13068,508.6582547162877
2022-09-05,54.15832613569477,56.53533900096041,52.83497723845904,78999,508.63024561830423
2022-09-06,53.776300686744385,56.369803073949434,53.21430179620275,17629,508.38303949130403
2022-09-07,54.13580508631539,57.947858957792135,52.475689773882486,42850,508.99134422832395
2022-09-08,53.99123826938166,58.35609161125361,50.59174514658325,36129,508.6403615093854
2022-09-09,53.62963898860004,56.947850527963936,50.368861343033615,13843,507.7458818870687
2022-09-10,54.694224124727896,56.943561632173,50.44898128052698,54158,506.1743370670611
2022-09-11,53.75634389357644,57.98033506537199,49.05252114807022,89403,507.39893833293735
2022-09-12,54.189451846727785,55.30445941777425,50.82433685631298,93715,506.62310570139516
2022-09-13,53.7835101195393,55.54014969705726,49.482392185285775,63548,506.72960432702155
2022-09-14,54.507878624409265,55.94953452346476,53.19444301991339,94043,508.0988829057315
2022-09-15,55.8931401711315,58.02785196524334,53.680506279171055,65601,508.4182016073852
2022-09-16,55.590041917707424,59.31240971830587,54.000593578667704,84802,509.43055942374525
2022-09-17,56.03107482498058,56.869443905861495,52.18460611799697,25498,508.1026194178256
2022-09-18,56.20986769071376,60.634259426229185,52.46959060417654,68539,507.85573125007284
2022-09-19,55.41044529117066,58.20740408836057,53.40384042850048,31199,509.3903761009682
2022-09-20,55.651232800912595,57.762307956719134,52.3188412695009,45942,510.616966188152
2022-09-21,55.940353306191405,56.596597938047665,55.87506365429272,80206,510.9451132286068
2022-09-22,56.35322412663758,59.42194451131323,51.82034095999393,50419,511.66312764794446
2022-09-23,56.15482522981753,57.74293363061667,54.04071104233094,65634,510.2875433199064
2022-09-24,56.24901753012768,59.90262159926758,51.71755634072233,71181,509.681990840933
2022-09-25,55.10140658528454,59.98255871077533,54.87372309843071,27781,510.12179964030395
2022-09-26,54.74329250980469,55.67500184879328,54.32551985481878,94387,510.03638369593426
2022-09-27,55.29925518951449,55.48346913449647,52.79983959886748,88165,511.0890111137153
2022-09-28,56.19172907684602,57.20494196689823,55.081181630987516,43692,512.7328462278979
2022-09-29,55.76941425272075,58.59273851367833,52.11852635202991,31435,513.1904477443383
2022-09-30,55.87412828215403,56.52923322931547,52.459687774392656,16369,513.4613001605013
2022-10-01,56.1021816072781,57.95740640171534,52.94884388293114,31593,511.2794933936828
2022-10-02,56.30366155398253,57.277553049252575,52.09869483437948,75994,511.49158885514817
2022-10-03,56.84443513928292,60.48651165644871,52.61153427015272,93457,510.1873874215002
2022-10-04,55.02635750889935,55.042566807105416,53.67267848420829,83109,510.26891718469454
2022-10-05,54.97703343875178,55.17778510176083,53.87271310207644,94600,510.5655091260692
2022-10-06,55.21606703999855,58.87443897640527,51.82870355015628,60601,511.216827125743
2022-10-07,54.215736691044846,59.05868825991544,53.66919226845542,38339,510.82411422829483
2022-10-08,55.889722398055554,58.842361380750496,54.878490575333885,37970,511.56083814867173
2022-10-09,56.05128166529372,56.421948159074944,51.60174445208477,28055,510.9243934353752
2022-10-10,57.61468641032265,61.601771230005454,54.40272973620655,86584,510.731583050398
2022-10-11,56.82416338848957,56.958354282215645,55.84168690364979,18504,509.335564900558
2022-10-12,55.91686326696425,56.91681327837465,52.49327939470062,57141,509.9376065307998
2022-10-13,56.14111548792993,58.511737953723866,55.20767346969499,48318,510.0150984258184
2022-10-14,54.46242712510127,57.455009380325016,51.27367504380038,31715,508.40121024894137
2022-10-15,54.677392715727365,56.68909650487463,53.592532592423446,85226,508.76178509452495
2022-10-16,54.774611947730286,57.96630048485724,51.20638801197172,78998,508.8514298410136
2022-10-17,55.790277229272384,58.401912814065746,50.87920119044662,60568,508.72762821671324
2022-10-18,56.49131857043748,61.027784648573316,54.03381973242103,49932,509.3466565492347
2022-10-19,56.073841220552445,61.07097338647274,52.764664674882184,66021,509.21319262245703
2022-10-20,54.9763445657822,58.62731334684372,49.97977104056509,58507,509.0438735141512
2022-10-21,56.6886497871255,57.12449476703722,54.68131891690557,30719,508.41318281681015
2022-10-22,55.89653476656035,57.54597546307588,51.83951732653524,64211,509.6339317273695
2022-10-23,54.85101020949089,57.45948108203999,54.33997454873464,27128,510.4677837319729
2022-10-24,53.76615415002944,55.07744631553918,53.70747146179521,26809,512.4244617246569
2022-10-25,54.883459465566105,59.2520832219538,50.05490716407221,13135,512.6220151188692
2022-10-26,54.36455926114125,55.346929412999806,51.326201377157886,47945,513.6166644622899
2022-10-27,53.61085479496065,54.6331884776084,51.76205115764865,17780,512.6650727433573
2022-10-28,53.748544620863996,58.273382828056036,51.46558762902077,49463,513.7666358935577
2022-10-29,53.54159991030671,56.88831552285607,53.01411423170408,47569,513.1731887085886
2022-10-30,52.86350444952046,55.94697571333905,52.72125775978244,52419,514.5919175627491
2022-10-31,53.61749591649894,57.15126203483517,49.8346401618712,97749,514.5780005593751
2022-11-01,54.68281140859693,55.75975364135473,52.00343299826797,84682,515.7190506597872
2022-11-02,55.6681289175368,58.59995864606741,51.17256951687306,60088,515.0201551651858
2022-11-03,56.435048587198,59.881875140263006,53.37690030100015,73561,515.1935459085909
2022-11-04,56.83767411832803,58.11930008230791,54.49679114907724,94661,515.16179335514
2022-11-05,55.0617861183662,59.26314664893269,52.079821225573745,45335,516.4332339020564
2022-11-06,56.731036924743165,59.50312115406968,53.52437221474643,18547,516.7455910801377
2022-11-07,57.03302613510072,59.54492474858041,55.34567232135843,70335,516.6532700970754
2022-11-08,57.64118256270136,61.94853681801057,54.48753949728806,35285,517.0193428258058
2022-11-09,58.75614488564876,59.69285517228047,57.05948047733452,84524,518.1222052858512
2022-11-10,60.189497388530754,60.28569959500425,55.65037518616929,99334,518.683462072409
2022-11-11,60.60789539983995,64.46058961064789,59.494579795613184,33418,518.662233155894
2022-11-12,61.0434415591356,62.150402340042014,59.824726631155116,80411,518.6791658826891
2022-11-13,60.44421728167588,61.01137905273707,56.74350767654967,47379,519.2834651381145
2022-11-14,60.47730703281464,61.743976164278884,56.590315186016085,28706,519.3981473119474
2022-11-15,59.623145772000285,60.410253044815654,57.049255545370066,48819,518.201141576998
2022-11-16,58.90320523985839,60.228505388996844,55.47966843172363,24697,519.620218177046
2022-11-17,58.009630837544194,58.45468159064523,56.3337482274054,25505,518.8750809611648
2022-11-18,57.853606946546904,60.25994197092543,56.69718951023026,35711,518.5423899985359
2022-11-19,58.90270013446691,62.373437064484776,55.690529958793654,65451,518.4828855123283
2022-11-20,62.073674907757095,66.60553984246467,59.4482318884028,84806,519.0183311003237
2022-11-21,62.263174545305006,65.99028479499812,57.80432415621844,65919,519.5981937694719
2022-11-22,60.914761457548884,61.45835421462479,58.47575809777012,23001,520.7042772103116
2022-11-23,62.17974478740514,64.8554979542017,61.635345567070715,28835,521.1827163164107
2022-11-24,61.878960910929116,62.27557164935615,57.9247547031657,34135,520.0809161424755
2022-11-25,61.21835231695212,64.08224614229286,59.36725465782909,38517,519.9445472431079
2022-11-26,61.42820179487518,64.06995318334606,60.17220862075667,38075,520.2265448212711
2022-11-27,60.18757719531895,60.220164530872616,57.48627515065043,92860,519.6220423619338
2022-11-28,60.41004035932756,64.17910675920606,59.88453051893961,87486,518.8893734279893
2022-11-29,60.321664836128406,63.52879010817506,60.05637804727269,12722,519.1594633525195
2022-11-30,60.420042742943885,62.68881802158717,57.32938412770194,40794,519.92104590595
2022-12-01,60.801458997153055,65.39629254013366,60.60918644238038,14471,519.9975090789836
2022-12-02,60.86895125439386,63.131975135184085,57.852423488845275,53845,520.5695253538461
2022-12-03,60.88528933850676,63.19080500785775,59.589692212674905,24812,521.6795185006666
2022-12-04,61.169603857504704,61.983085221900474,56.34213399076889,84656,521.9396215219914
2022-12-05,61.58500448367583,64.90953063582693,59.01012488442948,60599,522.5609698093645
2022-12-06,60.55352202336057,61.39608467876469,56.68416044839682,29679,521.658201480705
2022-12-07,59.123530764675124,60.67171858614494,56.92211670430845,89023,521.6587502681894
2022-12-08,59.06189271250291,62.55784875303307,54.35880827430035,87697,520.3877884288418
2022-12-09,57.6291572225688,59.159446832307744,57.526204829708696,38576,520.0424669045576
2022-12-10,57.71668869349047,60.7307963964264,53.20634695949231,88718,519.8440377968932
2022-12-11,58.65543556917278,63.53899106738354,58.151054243345435,18895,520.8752258141532
2022-12-12,59.262547241088825,59.47813846638503,59.135167223141636,50237,522.4668322934083
2022-12-13,58.214376834263355,60.18541628749152,54.02897998427615,44999,522.3486874760797
2022-12-14,57.35411438230584,61.85278869312274,54.79301211234326,88958,522.0239844083466
2022-12-15,57.682415677306594,60.63175629218185,57.660257109142265,99974,523.0549839758742
2022-12-16,57.281117872173084,61.98999335746511,56.790257104890856,43637,522.0295621474467
2022-12-17,56.964462577120976,61.716787653799415,56.29551090180486,13541,521.7215692774821
2022-12-18,57.56136905836893,61.69851032898818,55.663610636651455,99750,520.0047451973963
2022-12-19,56.57408236491128,58.313679063120595,51.93822812485579,81067,519.6878529478579
2022-12-20,56.1728476550001,56.30645325159108,54.2006745936786,14973,519.688360302917
2022-12-21,55.37276517891549,60.14179447402745,52.20424119512979,73100,518.4183339358401
2022-12-22,54.32963568088014,55.35003861350336,49.40122289221977,63864,520.0119627942205
2022-12-23,53.47255749220897,54.685466351771446,51.8851578195226,99283,519.1652713057451
2022-12-24,54.15001966155538,57.47954261018997,50.688017255738785,87403,517.7646354628696
2022-12-25,54.201840051037806,57.71275242847115,49.849105812961795,17931,518.6499706040039
2022-12-26,53.32267942220273,58.11777124208631,52.16819476081624,59451,518.8652233663199
2022-12-27,53.091577814609735,56.067910442541,52.55263078156978,87931,519.78414305436
2022-12-28,51.45277050748756,53.6544202854076,48.91017266807774,46747,519.2702437433653
2022-12-29,50.71945769990389,51.34136435602124,46.01607874300974,75459,518.9854504918557
2022-12-30,52.869032234771176,57.156083933648134,48.517973933421175,36070,518.6921845907316
2022-12-31,52.77878838510542,53.00011266205789,51.6931091881874,37242,520.1936928967132
